0;1
nao;21622
informar;16161
solicitar;12640
desejar;12494
entrar;10727
protocolo;9543
chassi;7956
saber;6908
sobre;6652
consultor;6303
mail;5595
email;5285
fazer;5275
reclamacao;4923
pois;4908
atendimento;4886
pecar;4884
informacoes;4674
poder;4476
codigo;4462
placar;4243
radio;4073
caminhao;4055
acompanhamento;3902
questionar;3876
informacao;3837
boa;3835
envolver;3605
gostar;3581
ja;3503
tarde;3495
bom;3462
garantia;3460
revisao;3438
comentario;3382
precisar;3380
informei;3316
realizar;3230
data;3174
motor;3091
rede;2988
sg;2975
pedir;2958
entrada;2944
veiculos;2923
manutencao;2900
reclamar;2900
rodobens;2895
ate;2839
por;2728
pecas;2727
reparo;2673
enviar;2644
fabrica;2636
conseguir;2600
solicita;2548
verificar;2547
sao;2386
possuir;2372
senhor;2352
querer;2271
aguardar;2248
apresentar;2211
oleo;2194
onde;2184
ligar;2184
empresa;2145
orientar;2129
referente;2112
caso;2085
dificuldade;2084
dar;2075
tel;2029
receber;1979
servico;1963
numero;1937
autorizar;1879
registrar;1868
banco;1866
conforme;1857
s;1805
situacao;1769
modelo;1767
problema;1749
comprar;1745
desde;1745
site;1740
ciente;1728
gmail;1700
contrato;1687
caminhoes;1684
expectativa;1683
acesso;1674
fabricar;1647
jose;1642
h;1636
paulo;1604
fechamento;1598
falar;1586
abrir;1584
troca;1571
informo;1555
ano;1551
diesel;1544
orientei;1536
dados;1532
retorno;1519
dizer;1516
cidade;1506
fleetboard;1502
adquirir;1502
c;1460
prazo;1446
auxilio;1432
encerrar;1422
mb;1422
endereco;1407
gs;1405
bmmb;1376
call;1374
ligacao;1365
peca;1365
solicitacao;1360
entrega;1356
sistema;1356
manual;1344
ficar;1336
trocar;1316
sh;1300
ir;1284
cep;1263
bmnb;1242
favor;1227
ainda;1220
dias;1219
seguir;1190
negativa;1185
datar;1172
descricao;1172
garantir;1168
agilidade;1164
recall;1163
passar;1159
feira;1156
ter;1152
from;1150
quanto;1149
abaixo;1141
placa;1138
atualizacao;1118
mecanico;1117
possivel;1115
hotmail;1100
agendar;1096
club;1095
tratar;1092
erro;1090
gentileza;1079
relatar;1074
socorro;1072
previsao;1064
actros;1053
_;1044
momento;1037
cadastro;1035
levar;1033
compra;1031
ha;1024
chegar;1014
envio;1014
devido;1005
novo;999
ctto;996
atego;992
carlos;987
sp;980
deslocamento;972
proxima;969
processo;956
painel;951
pagamento;950
prezar;947
apos;940
anexo;940
mesma;938
atenciosamente;930
boleto;929
carta;926
somente;920
valor;916
plano;913
ar;906
contar;903
onibus;902
dever;901
joao;900
savana;890
constar;886
liberar;883
ola;881
atender;878
tambem;865
estao;863
central;862
aguardo;858
posicao;850
entregar;843
parar;841
res;831
dac;813
fone;811
tentar;811
reset;810
liberacao;810
insatisfacao;809
questao;808
obrigar;807
agora;806
servicos;806
oriento;796
uteis;795
laudo;793
sendo;792
tecnica;786
assunto;783
financiamento;781
hoje;776
bem;773
responsavel;772
daimler;770
negar;769
att;767
so;756
encaminhar;755
via;755
local;755
caixa;746
ltda;744
segunda;740
resolver;740
desbloqueio;738
voces;737
apenas;736
agradecer;734
confirmar;728
proximo;728
tempo;722
senhar;721
axor;717
esperar;714
retornar;710
proceder;708
marcos;707
encontrar;706
bmlb;705
localizar;702
ver;701
horario;701
serviceplus;697
r;695
periodo;690
procedimento;689
autorizacao;688
re;687
bateria;687
prodoeste;686
agradeco;685
primeiro;684
inga;677
cadastrar;676
tudo;676
antonio;674
setor;672
x;670
ok;667
preciso;666
analise;664
falta;664
antes;661
rio;658
alegar;656
diagnostico;655
problemas;653
aqui;651
bmkb;649
ira;649
accelo;648
segundo;648
dentro;647
mg;646
cor;644
deixar;639
reconsideracao;634
confirmei;632
modulo;628
pagar;619
pane;612
falha;606
seguranca;603
respeito;603
id;603
concessao;602
atendir;596
cambio;595
vez;594
solicito;591
freio;591
orcamento;587
direcionar;585
m;585
orientacao;584
chegada;584
dlr;584
ajudar;583
marcelo;581
oficina;576
rafael;573
cair;571
combustivel;570
motivo;570
todos;570
aparecer;567
demora;566
novamente;566
rodar;565
alteracao;562
cobrar;559
d;556
relacionar;555
rua;555
obter;555
chamar;551
frota;549
funcionar;549
conta;549
efetuar;548
atencao;546
agilizar;545
gqt;545
mardisa;543
motorista;540
urgencia;539
marca;539
senha;538
meses;533
resposta;531
nigris;527
valores;527
tecnico;525
vir;524
brasil;524
trabalho;522
comercial;521
fabio;520
relatorio;519
rodrigo;518
mensagem;518
minas;517
nota;516
parte;516
outro;516
tipo;514
horas;513
lo;513
cm;510
dois;507
diferencial;505
bruno;503
santos;503
assim;502
aceitar;502
ocorrer;501
acompanhar;498
necessario;496
sos;495
silva;492
sair;490
algum;486
protocolos;483
recusar;482
nova;481
primeira;480
lucas;480
agendamento;478
eduardo;478
insatisfeito;478
junto;476
trabalhar;474
compass;474
www;470
gerar;469
acessar;469
solucao;465
atualizar;462
curriculo;462
tanque;461
fernando;460
luz;459
luiz;458
acionar;457
ciencia;457
origem;453
ficha;453
perder;452
defeito;451
andre;451
filtro;450
eva;449
marcio;449
fornecer;444
contatar;444
mt;444
retirar;443
anos;442
detran;442
aquisicao;440
base;439
luis;438
vazamento;438
vezes;437
sera;436
potencia;434
colocar;433
campo;431
relacao;430
l;430
bloquear;430
pra;428
grupo;428
hora;421
gostaria;420
correto;419
cobertura;419
la;417
reversao;416
outros;415
procurar;413
consulta;413
concessionarias;412
compras;411
fiscal;411
avaria;406
utilizar;405
questiona;405
bmks;405
deste;402
minasmaquinas;401
pool;401
outra;400
carga;396
projeto;395
anterior;393
mardisar;393
pedro;393
documento;392
grande;388
alguma;388
equipe;386
mil;385
porque;381
quebrar;380
sexta;378
bmb;377
item;377
francisco;376
campinas;375
noite;375
interesse;374
eixo;374
embreagem;373
anomalia;373
alterar;372
pid;372
mes;371
chave;370
enc;370
nenhum;369
tratativa;369
tecar;369
desse;369
venda;365
registro;364
auxiliar;364
gerente;360
mao;359
ricardo;359
maria;359
posicionamento;356
baixa;356
senhora;356
forneci;354
existir;354
felipe;353
benz;353
voltar;352
alguns;351
chassis;351
formulario;350
condicionado;350
inf;348
unidade;348
recusa;346
capacidade;345
denigris;345
faltar;345
cobranca;345
grato;344
leandro;344
diretamente;343
bmjb;343
comerciais;343
achar;342
ontem;342
alexandre;341
dificuldades;341
fornecir;340
informa;338
ramal;338
inclusao;337
semana;337
identificacao;336
janeiro;335
suporte;335
algumas;334
forca;334
cod;334
vendas;333
guarulhos;333
marcha;333
finalizar;332
obra;332
celular;331
bernardo;330
marchas;327
entao;327
cadastral;325
maquinas;323
nenhuma;323
duvidas;323
eskulab;323
qualidade;322
plaquetas;321
tipo_consulta;321
divena;320
thiago;320
whatsapp;320
usar;318
nivel;317
guilherme;315
service;315
daniel;314
agua;312
check;310
vitor;310
i;307
boletos;306
to;305
b;305
incluir;304
gabriel;303
teste;303
concessionarios;303
santana;302
nesse;301
transportes;300
possibilidade;300
senhores;300
bmls;300
disposicao;298
ref;298
roberto;298
junior;298
claudio;298
oportunidade;296
pirasa;294
responder;294
duas;292
desligar;291
ingaveiculos;290
pr;290
ana;289
sergio;287
bairro;286
oliveira;285
meio;285
mecasul;285
neste;284
mailto;284
vinicius;284
geral;284
sul;282
cardiesel;281
tratativas;280
transporte;280
funcionamento;278
adriano;277
estoque;277
porto;277
ba;275
sim;275
leonardo;274
disponivel;273
treinamento;273
quantidade;272
plaqueta;271
n;271
analisar;271
p;270
programa;268
uso;267
oficio;267
santa;267
ocorrencia;267
maio;264
identificar;264
vitoria;263
abertura;263
passado;263
imediato;263
edson;262
modelos;262
indicar;262
breve;262
sucesso;262
luciano;261
contagem;260
iria;259
emerson;259
plataforma;259
gustavo;258
diego;258
pneus;258
gostariar;255
solicger;255
errar;254
continuar;254
salvador;253
segmento;253
contatos;252
alex;252
faco;252
alegre;251
cuiabar;250
henrique;250
guincho;248
tres;248
forma;248
rogerio;248
conosco;246
aprovar;246
sempre;246
prever;246
performance;245
baixo;244
venho;244
desejo;244
tecnicas;244
consultar;244
passo;244
tirar;243
total;243
ativacao;243
oferecer;242
sc;242
bmjs;242
fico;242
concordar;240
rs;240
durante;240
av;239
pessoa;239
todas;239
marco;238
arlar;238
souza;238
complete;238
pedido;237
acordo;236
douglas;235
prestador;235
complemento;235
intencao;235
completar;233
cotacao;233
acao;233
apresentacao;233
verificacao;232
canal;232
funcionario;232
login;231
alves;231
revisoes;231
arla;230
peres;230
verifiquei;230
numeracao;229
mangueira;229
baixar;229
mandar;228
disponibilidade;228
carregar;228
seguro;227
completo;227
etiquetas;226
obs;225
matheus;225
rapir;225
cortesia;224
v;224
havia;224
ferreira;222
dessa;222
fr;222
bomba;221
araujo;221
custos;221
desbloquear;221
correcao;220
produto;220
quais;219
quilometragem;219
goiania;219
mavel;218
atendente;218
bmpb;217
receb;216
normal;216
guia;215
sprinter;215
aoki;215
final;214
pinhais;214
nr;214
acreditar;214
atual;213
proprietario;212
operacao;212
acima;212
informcoes;211
necessitar;211
dealer;210
horizonte;210
clientes;208
parceria;208
pos;208
ativo;207
reparar;207
remover;206
filtros;206
todo;206
g;206
produtos;206
inserir;206
vender;206
marketing;205
melhor;205
jorge;205
radiador;204
avaliacao;204
https;204
pesquisa;203
barra;203
f;202
indisponibilidade;202
solucionar;202
assegurar;201
cc;201
j;200
direcao;200
goias;200
camila;199
cada;199
sandro;199
camatta;199
itens;198
renato;198
desta;198
bm;198
qualquer;197
brasilia;197
substituicao;197
perguntar;197
fechar;197
bmgb;196
pf;196
chat;196
nada;194
sido;194
comveima;194
voce;194
seguinte;194
campos;193
constatar;193
Anderson;193
notificar;193
orienta;192
duver;192
belo;192
cabine;190
atendimentos;190
savar;190
publico;190
necessidade;190
cttr;190
compressor;189
acontecer;189
ma;188
direto;187
yahoo;187
encontra;187
consigo;186
new;186
direito;185
terca;185
forncer;184
chicote;184
transferir;183
transferencia;183
varias;183
avaliar;183
curso;182
danificar;182
the;182
enquanto;182
buscar;181
robson;180
carro;180
perda;180
consorcio;179
cancelar;179
paula;178
cid;178
realizacao;178
orgao;178
tomar;178
julho;176
linha;176
julio;176
beedoo;176
nf;176
proposta;175
rj;175
cobrir;174
acender;174
ajuda;173
pontos;173
consumo;173
duvir;172
documentacao;172
lembrar;172
chip;172
varios;172
historico;172
barulho;172
ultima;172
usuario;171
cabiner;171
auto;170
bloco;170
alessandro;169
bo;169
duvidar;169
tr;169
odair;169
etiqueta;169
eletrico;168
quarta;168
lima;168
bmeb;168
entender;168
original;168
of;168
mails;168
recebimento;168
familiar;168
realmente;167
ls;167
falhas;167
rodoviario;167
novos;167
pegar;166
pessoal;166
sanar;165
outras;164
cores;164
vencer;164
litros;164
faturamento;164
flavio;164
ctt;164
fabricacao;163
automoveis;163
truck;163
breakdown;163
montes;163
resp;163
fax;162
david;162
taxa;162
mallon;161
engenharia;161
nunca;161
acabar;161
mario;161
catalogo;160
conquista;160
unir;160
quinta;160
inicio;160
logisticar;159
urgente;159
ordem;159
claros;159
placo;159
junho;159
andersonr;159
especificacao;159
viagem;159
dados_cadastro;159
Senha;158
criar;158
quer;157
cesar;157
vendedor;157
guanabara;156
preto;156
peco;156
prestar;155
toda;155
star;155
aguard;155
partida;154
regiao;154
mecanica;154
aproximar;154
atron;154
advertencia;154
plaquetar;153
caminho;153
opcao;153
estrada;153
obrigado;153
liga;153
lado;152
presente;152
tera;151
coobrigacao;151
mudar;151
martins;151
pa;151
planos;151
tiago;151
volta;151
ws;151
frente;150
fernanda;150
barueri;149
aokimb;149
accenturar;149
numeros;149
cristina;149
agosto;149
es;148
cadastrais;148
seguros;148
cosmar;148
preco;147
gilmar;147
vanessa;147
participar;147
mola;147
om;146
executar;146
status;146
andamento;146
cleber;146
casa;146
form_contato;146
menos;145
tacografo;145
acionamento;145
sensor;145
satisfacao;145
tela;145
pronto;145
in;145
you;145
transmissao;144
supervisor;144
supervisora;144
acello;143
quitacao;143
vicente;143
curitiba;142
comercio;142
departamento;142
co;142
parana;142
divenar;142
freios;142
vaga;142
incorreto;142
ligacoes;142
conhecimento;141
go;141
fabricante;141
Estado;141
giro;141
correta;141
transportadora;141
reder;141
apoio;140
fabricio;140
quantos;140
faturar;139
pendente;139
best;139
valvula;139
sexo;139
nascto;139
bahia;138
traseiro;138
atualmente;138
enquadra;138
lancar;138
vidro;138
rodrigues;138
ribeirao;138
bmdb;137
juiz;137
http;137
manha;137
caixar;137
porta;137
mercado;137
extern;137
disponibilizar;136
dirigir;136
irmaos;136
confirmacao;136
parado;136
hebert;136
aler;135
assuntos;135
mauricio;135
danilo;135
apomedil;135
posto;135
intervir;135
custo;134
informamos;134
cristiano;134
eletrica;134
pg;134
maos;133
t;133
logo;133
cariacica;132
eixos;132
pouco;132
busca;132
deyse;132
cipriano;132
regularizar;132
diagnosticar;132
atualizei;132
producao;131
remocao;131
abril;131
plantao;131
wagner;131
verde;131
velocidade;131
jean;130
anteriormente;130
estourar;130
conversar;130
pereira;130
solicitei;130
neto;130
pneu;130
consultora;129
sms;129
ndeg;129
mauro;129
fiz;129
cac;128
sac;128
nacional;128
w;128
tentativa;128
analista;128
patrocinio;128
bens;128
retarder;128
leticia;128
atendido;128
demais;128
farol;128
pe;127
costa;127
juliano;127
ser;127
financeiro;126
condicoes;126
tecnicos;126
at;126
mirer;125
emprego;125
cep_com;125
demorar;125
antigo;125
wilson;125
comecar;125
filho;125
q;125
reginaldo;125
casos;124
ribeiro;124
recebir;124
rh;124
silvar;124
seguintes;123
envolvir;123
limao;123
tanto;123
reservatorio;123
barreiras;123
relato;123
estar;123
passada;123
sv;123
maiores;123
seguradora;122
sinop;122
diversas;122
despachante;122
reembolso;122
terceiro;122
partir;122
certo;121
prefeitura;121
negativas;121
colaborador;121
relatorios;121
projetos;121
cs;121
instalar;121
poderar;121
preventiva;121
tolerancia;121
guinchar;120
serar;120
haver;120
cancelamento;120
planilha;120
image;119
gravacao;119
deg;119
marcar;119
renov;119
alternador;119
josiane;119
trocado;118
queimar;118
grupopirasa;118
dezembro;118
grupopetropolis;118
terceira;118
recentemente;118
aplicar;118
infr;118
temp_adiq_veic;118
cavalo;117
mbb;117
miguel;117
adriana;117
centro;117
goncalves;117
valdir;117
parecer;117
cabina;117
pagina;116
cleiton;115
parcela;115
formiga;115
homologar;115
reclame;115
copia;115
peso;115
comunicacao;115
empresas;115
hrs;115
bloqueado;114
aquisicaor;114
processos;114
mateus;114
onibu;113
duvida;113
maior;113
mal;113
oficial;113
bra;112
temperatura;112
limeira;112
avenida;112
kit;112
hs;112
jeferson;112
novembro;112
plantonista;112
dianteiro;112
tentativas;112
disponibilizacao;112
amanha;111
rodovia;111
gerais;111
nessa;111
danos;111
parcelas;111
turbina;111
print;111
referir;111
micro;111
rondonopolis;111
pouso;111
chamo;111
juliana;110
industrial;110
vans;110
caio;110
patricia;110
ninguem;110
outlook;110
veicular;110
vcs;110
Vendas;109
equipamento;109
jardim;109
valadares;109
expectativar;109
motores;109
ponta;109
material;109
aonde;109
anapolis;109
serra;109
borges;109
realizamos;108
amanda;108
retrovisor;108
aplicativo;108
atraso;108
catarina;108
montagem;108
amarelo;108
dado;108
jundiai;108
abri;108
edivaldo;108
wesley;108
bmcbr;107
manaus;107
maxima;107
fwd;107
instalacao;107
interno;107
mostrar;107
template;107
zero;107
especificar;107
visita;106
funcionarios;106
sete;106
vagas;106
samuel;106
fabiano;106
resolucao;106
nascimento;105
renata;105
ms;105
encerramento;105
classificacao;105
lopes;105
ultimo;105
vagner;105
gravame;105
mencionar;105
anexar;105
baterias;104
anomaliar;104
grossa;104
questiono;104
reserva;104
dianteira;104
arcar;103
sambaiba;103
amortecedor;103
fornecemo;103
fortaleza;102
mercedez;102
rod;102
setembro;102
representante;102
neutro;102
andressa;102
esclarecimentos;102
reconsiderar;102
permanecer;102
mesmos;101
arquivo;101
guararapes;101
considerar;101
exigir;101
santo;101
social;101
tampa;101
credenciar;101
bater;101
inclusive;101
vieira;101
ferias;101
substituir;101
elogio;101
observacao;100
assis;100
outubro;100
causar;100
gratuita;100
starclass;99
sebastiao;99
litoral;99
precos;99
citar;99
aproximadamente;99
flumidiesel;99
ceara;98
trucks;98
link;98
alan;98
detalhes;98
arrefecimento;98
entrara;98
computador;98
adilson;98
geraldo;98
quitar;98
est;98
liquido;98
endereco_com;98
hotel;97
reclamacoes;97
bmbb;97
quase;97
abs;97
amandar;97
pessoas;97
disponiveis;97
posteriormente;97
propria;97
media;97
automatico;97
obrigada;97
cv;97
covid;97
codir;97
explico;97
feriado;96
willian;96
exclusao;96
manuais;96
ronaldo;96
luciana;96
etc;96
reenvio;96
bruna;95
idavolir;95
sandra;95
vila;95
teixeira;95
prognostico;95
orientacoes;94
lul;94
uberlander;94
fornecei;94
evento;94
especificacoes;94
atras;94
branco;94
administrativo;94
eletronico;94
oficinar;94
parafusos;94
transjordano;94
cardan;93
mudanca;93
wellington;93
acidente;93
bauru;93
jonas;93
portal;93
igor;93
sobrevivencia;93
molas;93
localizacao;92
case;92
am;92
assistencia;92
interna;92
grosso;92
everton;92
emitir;92
anderson;92
normalmente;92
basic;92
ex;91
juazeiro;91
monteleone;91
estado;91
vd;91
sabar;90
bloqueio;90
incorreta;90
mato;90
grupovdl;90
lista;90
conhecer;90
fotos;90
please;90
aprox;90
lancamento;90
carter;90
declaracao;89
chamado;89
mendes;89
conducao;89
deslocamentos;89
travar;89
batista;89
rodas;89
veic;89
emissao;88
concluir;88
comunicar;88
reparos;88
raquel;88
sn;88
carroceria;88
escrever;88
tendo;88
neves;88
suspensao;88
png;87
proximas;87
Cabine;87
alisson;87
procedimentos;87
indicador;87
external;86
sugestao;86
visualizar;86
u;86
renan;86
disso;86
gilberto;86
cearadiesel;86
gestor;86
and;86
ailton;86
severo;85
notificacao;85
diante;85
enviado;85
realizeir;85
Jaboatao;85
correia;85
sinistro;85
atividader;85
farois;84
daimlertruck;84
imperatriz;84
automaticamente;84
lagoas;84
davi;84
davoli;84
tracao;84
lugar;84
operacional;84
fundo;84
equipamentos;84
fevereiro;84
autoirzacao;84
duplicidade;83
mo;83
segue;83
rastreador;83
ultrapassar;83
fim;83
vermelho;83
experiencia;83
vistor;83
bmh;83
pacote;82
arthur;82
axorr;82
especifico;82
cabecote;82
garantista;82
almeida;82
atividades;82
cel;82
questionei;82
necessarias;82
agricolr;82
visitar;82
testes;82
vadiesel;82
conversa;82
necessito;82
your;82
explicar;82
thais;82
silvio;81
auxilia;81
araguaia;81
manutencoes;81
manter;81
paganotti;81
diferenca;81
rudge;81
objetivo;81
recusas;81
eletricos;80
fabrico;80
con;80
ramos;80
verifique;80
velho;80
reverter;80
bmab;80
tabela;80
recomendar;80
facebook;80
mr;80
quebra;80
corrigir;79
oleos;79
direcionei;79
fato;79
viviane;79
nesta;79
manoel;79
itumbiara;79
cubo;79
mar;79
bordo;79
natal;79
valmir;79
romulo;79
tcas;78
participacao;78
fizemos;78
freitas;78
mansa;78
sinal;78
carlar;78
gar;78
complemento_com;78
reduzir;77
fornecedor;77
carreta;77
nilson;77
class;77
bicos;77
reposicao;77
gov;77
referencia;77
conjunto;77
urbano;77
colaboradores;77
tatiane;77
escola;77
diogo;77
milene;77
pai;77
marlon;77
carros;77
interessar;77
melo;77
agenda;76
documentos;76
hugo;76
engatar;76
cursos;76
contratos;76
alberto;76
mau;76
alto;76
afirmar;76
k;75
dva;75
cearar;75
sofrer;75
cilindro;75
marabar;75
reis;75
farar;75
avisar;75
aplicacao;75
procede;75
alta;75
lar;75
cerca;75
daniela;75
especializar;75
iguacu;74
indicacao;74
solicitamos;74
vendar;74
rever;74
racor;74
lei;74
eder;74
daniele;74
andar;74
pbt;74
corretamente;74
notar;74
telefonia;74
cargas;74
prorrogacao;74
chefe;73
razao;73
bmhb;73
evandro;73
desses;73
reinaldo;73
katia;73
portanto;73
diversos;73
valter;73
teresina;73
if;73
maicon;73
funcao;73
caxias;73
bairro_com;73
cond;73
savarveiculos;72
valer;72
esclarecer;72
pro;72
enviei;72
van;72
alemanha;72
possuia;72
not;72
municipal;72
jurema;72
cidade_com;72
estado_com;72
resetar;71
engenheiro;71
loja;71
ocasiao;71
patos;71
ativar;71
controle;71
contratar;71
folha;71
parafuso;71
mim;71
moacir;71
perca;71
termo;71
gomes;71
roda;71
areas;71
murilo;70
agilidader;70
mogi;70
aparelho;70
voz;70
apu;70
termino;70
desenvolver;70
deixo;70
informe;70
vazar;70
volante;70
pandemia;70
unidades;70
cobra;70
semanas;69
par;69
coracoes;69
divergencia;69
reclassificacao;69
dano;69
ac;69
devera;69
ta;69
algo;69
lafaiete;69
relata;69
extrato;69
anotar;69
augusto;69
enzo;69
iucar;69
priscila;69
tpr;69
vitoriadiesel;69
distancia;69
certa;69
pdf;69
soltar;69
muita;69
ideal;69
log;68
telefonico;68
bin;68
rolamento;68
Silva;68
precisa;68
tambor;68
qu;68
permitir;68
vida;68
atrasar;68
gastar;68
vossa;68
falhar;68
lamento;68
implemento;67
disel;67
ananindeua;67
primeiramente;67
roubar;67
angelo;67
victor;67
matriz;67
cara;67
aprovacao;67
fixo;67
imperial;67
brasileiro;67
ganhar;67
compr;67
afim;67
transito;67
atividade;67
tipo_logradouro;67
maranhao;66
julia;66
avare;66
assistance;66
serie;66
soares;66
revenda;66
consta;66
bmgs;66
araxa;66
iniciar;66
jaqueline;66
video;66
carvalho;66
nelson;66
ressarcimento;66
causa;66
notas;66
petropolis;66
bau;66
negociar;66
discorda;66
ce;65
breno;65
fornecimento;65
araguaina;65
continuidade;65
modo;65
completa;65
los;65
joel;65
brazil;65
ve;65
recordar;65
azul;65
have;65
maximo;65
edilson;65
jair;65
amortecedores;65
cruz;65
socorrista;65
fornecedores;65
questoes;65
corretiva;65
tipo_endereco;65
logradouro;65
responsaveis;64
dificil;64
shrs;64
fins;64
fusivel;64
vanderlei;64
alinhamento;64
claro;64
claudinei;64
bluetooth;64
flavia;64
referentes;64
direcionado;64
contata;64
onliner;63
simples;63
z;63
atingir;63
placas;63
terra;63
davolir;63
desenvolvimento;63
diferente;63
estagio;63
efetuou;63
dados_intencao_compra;63
euro;62
bh;62
mediante;62
resgatar;62
paginas;62
comercializar;62
economica;62
tecnologia;62
raimur;62
goncalo;62
padrao;62
foto;62
maringa;62
informacoe;62
conserto;62
necessaria;62
assinar;62
patio;62
sodauto;62
desgastir;61
atende;61
municipio;61
icar;61
retirada;61
emails;61
palmas;61
conselheiro;61
pesar;61
rene;61
relacionamento;61
cartao;61
deixeir;61
vilhena;61
civil;61
uberlandia;61
sgs;61
federal;61
consumidor;61
exceto;60
joinville;60
secretaria;60
depender;60
mariana;60
valvular;60
recife;60
possamos;60
uberaba;60
elton;60
jonathan;60
recorrente;60
dourar;60
apagar;60
cicero;60
totalmente;60
car;60
gerson;60
taxi;60
reunir;60
precar;60
reais;60
pistao;60
marcas;60
ldv;60
saude;59
barbosa;59
expliquei;59
cassio;59
comveimar;59
impossibilitar;59
excluir;59
entretanto;59
menciona;59
muitos;59
fabiana;59
supervisao;59
prestacao;59
eventos;59
denis;59
hidraulico;59
intervencao;59
itajai;59
assuncaor;59
entro;59
vega;59
lubrificante;59
aguardando;59
profissional;59
ruer;59
ano_modelo;59
enquadrar;58
feedback;58
definitivo;58
edmilson;58
be;58
solictar;58
pressao;58
atuar;58
diadema;58
utilizacao;58
videira;58
esquerdo;58
vedoc;58
definitiva;58
joaquim;58
quadro;57
infelizmente;57
conclusao;57
puxar;57
aumentar;57
confirmeir;57
tal;57
accenture;57
envolvida;57
tema;57
sousa;57
ponto;57
repassar;57
arrumar;57
is;57
tanques;57
desempenho;57
ruim;57
ocasionar;57
po;57
transportador;57
prox;57
folders;56
alinar;56
mirim;56
comprovar;56
vao;56
oi;56
coloco;56
materiais;56
cumprir;56
acusar;56
semi;56
marcia;56
celso;56
preta;56
elias;56
norte;56
Caixa;56
minimo;56
machado;56
sperandio;56
sentido;56
cima;56
anual;56
aracatuba;55
diretor;55
prioridade;55
gilson;55
jesus;55
possui;55
desconto;55
treinamentos;55
uns;55
redes;55
regional;55
vide;55
diegar;55
traseira;55
ai;55
edvaldo;55
andrade;55
pi;55
pontuacao;55
cobre;55
comando;55
cardoso;55
conc_pref;55
facilitar;54
uba;54
jatai;54
delegacia;54
we;54
furar;54
caruaru;54
externo;54
ipiranga;54
valir;54
timoteo;54
iucara;54
negada;54
regularizacao;54
ofertar;54
grupomavel;54
this;54
desconsiderar;54
injecao;54
sonho;54
prot;54
info;53
financiar;53
itadil;53
texto;53
ultimas;53
necessarios;53
gis;53
sob;53
ro;53
linkr;53
gabriela;53
regiaor;53
filial;53
guarapuar;53
escolar;53
message;53
decisao;53
credito;53
Curitiba;53
vibracao;53
anexos;53
postal;53
pablo;53
fernandes;53
jackson;53
sequencia;53
negociacao;53
recursos;53
alessandra;52
coordenador;52
faca;52
an;52
Club;52
pernambuco;52
lugares;52
candidatar;52
implementacao;52
aparecir;52
or;52
medidas;52
concessionar;52
pedagio;52
encontro;52
diferentes;52
internamente;52
energia;52
up;52
posicionar;52
soliazcr;52
simonne;52
entrado;52
montar;52
sorocabar;51
novas;51
time;51
sgr;51
jessica;51
engata;51
daiane;51
quatro;51
cabo;51
santar;51
humberto;51
bmksr;51
facar;51
pereirar;51
reboque;51
kg;51
caroline;51
sistemas;51
informado;51
agente;51
natan;51
resolvar;51
jefferson;51
azevedo;51
sidnei;51
kms;51
terceiros;51
teto;50
finalizacao;50
adm;50
renovacao;50
esclarecimento;50
df;50
moreira;50
terceirizada;50
linhares;50
imagem;50
gbdiesel;50
ca;50
digitar;50
ev;50
desgaste;50
opcoes;50
presidente;50
contas;50
rezender;50
implementadora;50
resgate;50
dessas;50
alagoas;50
solucoes;50
aviso;50
escritorio;50
indiquei;50
conferenciar;50
nilton;50
inconveniente;50
kelly;50
extremamente;50
senai;50
carg_trans;50
estado_conc;50
cidade_conc;50
porem;49
trabalha;49
proprio;49
vistoria;49
carolina;49
concordia;49
arapiraca;49
amorim;49
subir;49
lubrificantes;49
tercilia;49
mecanicos;49
serao;49
assistente;49
residencial;49
Anomalia;49
conteudo;49
rocha;49
simone;49
araraquara;49
concerto;49
elder;49
that;49
contestar;49
amaral;49
callcheck;49
ativ_pred;49
itamadil;48
ademir;48
basculante;48
internet;48
fechamentos;48
intervalo;48
motoristas;48
plataformar;48
beatriz;48
queda;48
ivan;48
localizei;48
locacao;48
prosseguir;48
inform;48
washington;48
digital;48
conveima;48
coisa;48
dinheiro;48
conferencia;48
juntamente;48
filipe;48
cunha;48
veic_frot;48
marc_pred;48
vermelha;47
oeste;47
ura;47
logotipo;47
geladeira;47
luana;47
vista;47
parametrizacao;47
agricol;47
saida;47
otavio;47
sae;47
araguainar;47
vincular;47
cacamba;47
pm;47
gravar;47
gestao;47
policiar;47
pensar;47
questionamento;47
cascavel;47
moraes;47
atrelar;47
fleet;47
cirasa;47
limpeza;47
remanufaturar;47
percorrir;47
leopoldina;47
verifico;47
parceiros;47
trabalhamos;47
ramo;47
produzir;47
seletivo;47
michel;47
amarela;47
ressalta;47
pintura;46
besser;46
cristian;46
bol;46
navegar;46
governador;46
shs;46
incluso;46
emplacar;46
alvaro;46
transportar;46
retail;46
expor;46
operacoes;46
vitorino;46
tatiana;46
helio;46
ida;46
diretoria;46
gas;46
verdade;46
oque;46
estava;46
universidade;46
trincar;46
mailing;46
prosegur;46
sbc;46
wifi;45
natalia;45
vegrande;45
execucao;45
conferir;45
charles;45
tao;45
consiga;45
mafra;45
uniao;45
uptime;45
exemplo;45
interclima;45
cujo;45
sa;45
almoco;45
limite;45
fixa;45
distrito;45
ouvidoria;45
incorretamente;45
ficara;45
reclama;45
retorne;45
torno;45
mundo;45
card;45
contra;45
patrick;44
claudia;44
originais;44
valdecir;44
situacaor;44
conectar;44
interferir;44
select;44
certeza;44
cristiane;44
consultores;44
parada;44
especial;44
devolver;44
rodover;44
intuito;44
beneficios;44
compreensao;44
minutos;44
ler;44
persistir;44
divinopolis;44
aco;44
maneira;44
grata;44
william;44
codificacao;44
fixacao;44
instagr;44
regulagem;44
avarias;44
parcial;44
renegociacao;44
lixo;44
predominante;44
indicadores;43
barretos;43
divergente;43
suspensaor;43
aparecida;43
reuniao;43
alagoasdiesel;43
anexa;43
autonomo;43
rafaelar;43
marilia;43
mesmas;43
milton;43
estarei;43
incentivo;43
codigos;43
alteracoes;43
it;43
saulo;43
pressa;43
industria;43
juridico;43
funcionaria;43
ofereci;43
recuperar;43
condicao;43
fiscais;43
furuya;43
espera;43
meirelles;43
gratar;42
classe;42
titular;42
medida;42
renovar;42
sugerir;42
agencer;42
atlas;42
regente;42
net;42
colatina;42
som;42
residencia;42
rural;42
parter;42
larissa;42
possue;42
jaboatao;42
vanessar;42
floriano;42
drive;42
youtube;42
recorrencia;42
forneco;42
judicial;41
dashboard;41
ultilizar;41
informacoel;41
maquina;41
ael;41
elisangela;41
dircer;41
rosa;41
tipos;41
sites;41
acesa;41
pertencer;41
camile;41
quantas;41
montadora;41
antiga;41
roberta;41
rondonia;41
celio;41
eugenio;41
licitacao;41
manuel;41
otimo;41
arnaldo;41
recebe;41
estacionario;41
real;41
name;41
pires;41
biela;41
ap;41
tambores;41
owd;41
termos;40
confuso;40
registraria;40
exceder;40
parauapebas;40
mudancas;40
bianca;40
injetores;40
reducao;40
ara;40
bmbbr;40
guanambi;40
domingos;40
teofilo;40
vc;40
pendencia;40
descaso;40
mer;40
futuras;40
adquiri;40
deslocar;40
automovel;40
irao;40
yuri;40
vencimento;40
intercooler;40
pessimo;40
catalisador;40
consumir;40
alimentos;40
piloto;40
operadora;40
rebocar;40
osmar;40
coder;40
jones;40
jogar;40
barbara;40
extensaor;40
adicional;40
oferta;40
retentor;40
educacao;39
dummy;39
acrediesel;39
configuracao;39
fale;39
comprovante;39
ideia;39
realizei;39
possar;39
bolsa;39
possuo;39
perito;39
angela;39
fatima;39
verificacoes;39
expirar;39
ambiente;39
crc;39
implementador;39
modulos;39
malon;39
michele;39
concorda;39
pesquisar;39
paulista;39
emplacamento;39
michael;39
karina;39
esquecer;39
katiar;39
acordar;39
horarios;39
trabalhei;39
componentes;39
descarregar;39
confeccao;39
choque;39
dracena;39
di;39
ppp;39
pretender;39
desenho;39
adequado;39
encerr;39
joice;38
confianca;38
embora;38
curto;38
paraiso;38
hamburgo;38
acoes;38
mayara;38
portas;38
alexandro;38
eng;38
catalizador;38
sitar;38
relatedr;38
promocao;38
parcerias;38
escapamento;38
Brasil;38
retornei;38
criancas;38
deficiencia;38
alfredo;38
transferi;38
protecao;38
negativar;38
exercito;38
correio;38
trocas;38
perfil;38
muitas;38
claudemir;38
direta;38
viana;38
chapeco;38
sub;38
my;38
pelotas;38
viajem;38
cat;38
everaldo;38
entanto;38
patente;38
adv;38
sfat;38
on;37
ramon;37
vidros;37
welington;37
tais;37
eliane;37
informativo;37
maycon;37
aradisa;37
isabela;37
mossoro;37
melhorar;37
combinar;37
calculo;37
bmes;37
flores;37
fluxo;37
inicial;37
domingo;37
online;37
moises;37
particular;37
ji;37
cinco;37
eletricista;37
branca;37
mexer;37
direcaor;37
orcamentos;37
doacao;37
wanderson;37
ciretran;37
cmdourar;37
sumir;37
ambiental;37
kamila;37
cubos;37
caro;37
puder;37
bico;37
serem;36
torque;36
valvulo;36
cordialmente;36
autosetir;36
alguem;36
tinta;36
estrutura;36
brindes;36
certificar;36
deverar;36
queria;36
em;36
bravin;36
vosso;36
campina;36
pronta;36
risco;36
olhar;36
baldin;36
descrito;36
cip;36
devolucao;36
usuarios;36
prejuizo;36
app;36
defeitos;36
olar;36
espirito;36
are;36
construcao;36
aurelio;36
passagem;36
ambos;36
sorocaba;36
valadaresdiesel;36
exportacao;36
profissionais;36
interior;36
classificar;36
lucia;36
fogo;36
lampar;36
pais;36
fw;36
preferencia;35
catalogos;35
itabuna;35
osvaldo;35
josue;35
laercio;35
significar;35
leilao;35
titularidade;35
advogado;35
campanha;35
kilometragem;35
sol;35
validar;35
lk;35
itu;35
rn;35
queiroz;35
google;35
furtar;35
Ananindeua;35
propor;35
tar;35
parque;35
nathalia;35
anteriores;35
vilmar;35
adiantar;35
acessorios;35
divino;35
orlando;35
microonibus;35
uol;35
precisaria;35
cotacoes;35
marques;35
autosetar;35
equipar;35
legal;35
edgar;35
fa;35
espelho;35
negocios;35
opiniao;35
zona;35
felix;35
ato;35
florencio;35
institucional;35
representar;35
torres;35
helice;35
willer;35
jailson;35
andrear;35
aberturar;35
amigo;35
parear;35
direita;35
orientamos;35
mc;35
dialog;35
brisa;35
imobilizacao;34
cotar;34
inativo;34
preferir;34
amilton;34
fernandopolis;34
estudante;34
pre;34
prezados;34
passageiro;34
virtual;34
categoria;34
usina;34
adao;34
alunos;34
dono;34
retorna;34
aline;34
obtiver;34
operador;34
longe;34
rubens;34
rodolfo;34
clovis;34
erros;34
adesivo;34
allianz;34
limpador;34
nuber;34
esquentar;34
renner;34
frequencia;34
mailson;34
bira;34
contratacao;34
complementar;34
brasileira;34
lonas;34
sonia;34
amg;34
progresso;33
atendemos;33
bracadeira;33
customer;33
caros;33
luan;33
Freio;33
solcitar;33
tangara;33
plus;33
reprovar;33
erroneamente;33
imagens;33
reenviar;33
toneladas;33
erica;33
dr;33
logistica;33
frontal;33
jairo;33
comprovacao;33
top;33
listar;33
carol;33
maua;33
junta;33
botao;33
rota;33
estrela;33
rodoviarios;33
inves;33
caracteristicas;33
abastecimento;33
buchas;33
fichas;33
richard;33
franca;33
administracao;33
fabricantes;33
conce;33
thayannira;33
super;33
avar;33
professor;33
rapidez;33
principal;33
alliancer;33
precisei;33
humanos;33
cargo;33
thales;33
folder;33
economia;33
contratual;33
vigente;33
en;33
recer;33
cttos;33
picos;32
desconhecer;32
tornar;32
bmfb;32
cleinte;32
aguardamos;32
fisico;32
indice;32
governo;32
provavelmente;32
passageiros;32
videos;32
trazer;32
eliana;32
trinca;32
datas;32
iry;32
xanxerir;32
toco;32
justica;32
surgir;32
providencias;32
adalberto;32
jd;32
penalizar;32
fusiveis;32
aceito;32
denigres;32
al;32
jurandir;32
send;32
kater;32
aditivo;32
escapar;32
amazonas;32
corpo;32
hospedagem;32
cavalos;32
internas;32
portfolio;32
debor;32
confirmo;32
umuaramar;32
saudacoes;32
comigo;32
cig;32
chagas;32
estaria;32
amauri;32
address;32
liguei;32
automotivo;32
isaque;32
lanterna;32
agregar;32
quero;32
gerenciamento;32
observar;32
lampadas;32
sozinho;32
valvulas;32
veicu;32
extaccount;32
brain;32
denilson;31
util;31
Liga;31
rotacao;31
provisoria;31
fo;31
siqueira;31
andreia;31
nunes;31
barros;31
medeiros;31
talvez;31
clicar;31
renar;31
descrever;31
reportar;31
cear;31
cilindros;31
sobral;31
encontrei;31
tamanho;31
cl;31
policia;31
contemplar;31
alinhar;31
corretos;31
criacao;31
pendentes;31
estimar;31
possuimos;31
absurdo;31
jonatan;31
argentina;31
airton;31
ajustir;31
dianteiros;31
demanr;31
ic;31
antigos;31
pontes;31
passivel;31
inferior;31
instrutor;31
testir;31
registros;31
catraca;31
ticket;31
frenagem;31
cuica;31
veicul;31
deus;31
cultura;31
vicente_borges;31
menor;30
mourao;30
pergunta;30
coluna;30
ismael;30
moura;30
detectar;30
monumento;30
respostas;30
feijor;30
roger;30
hugendopler;30
caminhos;30
gerencia;30
bastante;30
valdemir;30
josias;30
capa;30
canais;30
corriger;30
ii;30
comprimento;30
mm;30
assinatura;30
dao;30
inteiro;30
indisponivel;30
trucar;30
cobrancas;30
giovana;30
prejuizos;30
rastreamento;30
ag;30
aumento;30
assuncao;30
trelsalog;30
grupoitadil;30
descobrir;30
tratamento;30
automatica;30
determinar;30
visar;30
estrar;30
grandes;30
prometer;30
with;30
expediente;30
percentual;30
multa;30
responsabilidade;30
repar;30
tga;30
adesao;30
aceleracao;30
extrema;30
max;30
concesionario;30
moro;30
inspecao;30
thaina;30
familia;30
iracemapolis;29
substituer;29
desculpas;29
tubulacao;29
revisar;29
center;29
programacao;29
sheila;29
alencar;29
importar;29
sociais;29
janaiane;29
arocs;29
aparecido;29
ultimos;29
indevidamente;29
ia;29
lona;29
ignicao;29
assumir;29
juan;29
fara;29
morar;29
debora;29
maceio;29
concess;29
nogueira;29
sergipe;29
transp;29
augustar;29
cedo;29
silveira;29
meios;29
us;29
cano;29
encarregar;29
feita;29
revendar;29
recorrentes;29
cezar;29
cachoeiro;29
depto;29
hidraulica;29
suspeita;29
evidencias;29
could;29
ouvir;29
estradas;29
marcela;29
excelente;29
rafaela;29
figueiredo;29
curriculum;29
sustentabilidade;29
parcialmente;29
duplicar;29
polia;29
From;29
dispensar;29
ofereco;29
blog;29
out;29
telenones;29
cultural;29
delivered;29
quaisquer;28
suspender;28
conexao;28
escalar;28
betreff;28
escolher;28
goytacazes;28
distribuidor;28
benedito;28
pedal;28
scr;28
personalizar;28
ouro;28
concessio;28
parachoque;28
vei;28
idisa;28
jaime;28
terminar;28
testar;28
amigos;28
instituicao;28
mir;28
tubo;28
rito;28
possivelmente;28
mhugendopler;28
elvis;28
bmyb;28
lote;28
company;28
alguir;28
ind;28
aguinaldo;28
calisto;28
pedidos;28
prata;28
previsaor;28
principio;28
luizar;28
leite;28
escape;28
agnaldo;28
paliativo;28
desmontar;28
monica;28
deixei;28
artur;28
clara;28
roni;28
anomalias;28
trans;28
melhoria;28
presta;28
itapemirim;28
esposa;28
marisa;28
viagens;28
latar;28
beler;28
pequeno;28
valdinei;28
alimentacao;28
adicionar;28
detalhar;28
nobre;28
adaptar;28
represento;28
calibragem;28
encerramos;28
irar;28
resumo;28
expresso;28
concessinario;28
reincidente;28
gle;28
Cartao;28
tcper;28
lages;27
von;27
solcita;27
alega;27
melhorias;27
lais;27
veiculoscomerciais;27
dutrar;27
monteiro;27
filiais;27
vpu;27
sitir;27
especifica;27
distribuicao;27
mercedir;27
variar;27
independente;27
providenciar;27
analiser;27
seta;27
rodr;27
validacao;27
rodobem;27
clodoaldo;27
engate;27
fundir;27
blu;27
everson;27
lucio;27
leal;27
demandar;27
transferenciar;27
dimensoes;27
calr;27
fi;27
respaldo;27
prejudicar;27
parvi;27
alienacao;27
segura;27
iury;27
jogo;27
retifica;27
bucha;27
estrelas;27
acessa;27
recuperacao;27
solicitacoes;27
jovem;27
mensagens;27
josimar;27
superior;27
financeiras;27
atuamos;27
desculpe;27
busco;27
encomendar;27
moderno;27
coxim;27
infromacao;27
recipients;27
vareta;26
literatura;26
elaine;26
pb;26
bezerra;26
gesendet;26
silvano;26
atualizacoes;26
enter;26
kleber;26
devir;26
verifiquir;26
monique;26
extra;26
correr;26
divulgacao;26
pericia;26
cadastrada;26
graus;26
adqurir;26
funilaria;26
rui;26
haverar;26
sara;26
giovani;26
engano;26
agradecir;26
atendida;26
indaial;26
versao;26
balanceamento;26
principalmente;26
by;26
nicolas;26
suelen;26
proximos;26
formar;26
atend;26
des;26
insistir;26
st;26
unica;26
aldo;26
si;26
dianteiras;26
aquecer;26
tips;26
bms;26
fornecemos;26
operar;26
internacional;26
cdi;26
irregular;26
attached;26
residuos;25
bradesco;25
conces;25
jhonatan;25
explicacao;25
contestacao;25
Sousa;25
matos;25
desbloqueia;25
motivos;25
guimaraes;25
adiar;25
implementar;25
rosana;25
fila;25
solda;25
autorizado;25
naoer;25
concessi;25
impedir;25
camber;25
futuro;25
satisfeito;25
possibilidades;25
frederico;25
passei;25
ederson;25
laranja;25
actrossr;25
antecipadamente;25
laura;25
heitor;25
cidades;25
dutra;25
lt;25
telas;25
programar;25
encomenda;25
trar;25
ausente;25
ijuis;25
queima;25
show;25
conceder;25
acelo;25
solicitante;25
estara;25
thank;25
seguimento;25
pendencias;25
coordenadora;25
chamada;25
justificativa;25
pocos;25
geovane;25
gisele;25
pq;25
ausencia;25
edicao;25
estarar;25
one;25
duarte;25
movimentacao;25
milena;25
castro;25
ednaldo;25
tome;25
fumaca;25
seis;25
tx;25
ent;25
levantar;25
folga;25
dara;25
envolvimento;25
fiquei;25
cx;25
esqueci;25
granel;25
cia;25
aluno;25
extrair;25
gaucho;25
abencoe;25
cardisel;24
oswaldo;24
acessos;24
telemetria;24
dianteirar;24
visor;24
home;24
futuros;24
vanderson;24
parceiro;24
deseja;24
inscricao;24
classico;24
adriel;24
espaco;24
quadra;24
eireli;24
va;24
minima;24
nele;24
bmrb;24
preencher;24
tara;24
importante;24
contact;24
txt;24
automatizar;24
militar;24
revista;24
chaves;24
fisica;24
gil;24
greve;24
gente;24
stefani;24
margem;24
direcionamento;24
riodiesel;24
dez;24
client;24
dispor;24
fase;24
preenchir;24
enzocaminhoes;24
especificas;24
imprimir;24
serviceh;24
fenatran;24
sigla;24
armar;24
medio;24
haviam;24
unidasbenz;24
organizacao;24
aracaju;24
vivo;24
andreson;24
ribeiraodiesel;24
possiveis;24
walter;24
financeira;24
configurar;24
gbi;24
adair;24
leandroj;24
vera;24
reavaliar;24
ocupar;24
exito;24
fadeltransportes;24
proveniente;24
comprove;24
furgao;24
divulgar;24
falei;24
concession;24
juarez;24
apaixonar;24
altura;24
ferro;24
werner;24
vibrar;24
injetor;24
cinto;24
oferto;24
coroa;24
ideiar;24
associacao;24
jbs;24
gilvania;24
financeiros;23
cj;23
reanalise;23
cmt;23
ssl;23
el;23
acelerador;23
negocio;23
larissar;23
viacao;23
agradecimento;23
ferramentar;23
encaminho;23
gastos;23
ferramentas;23
esp;23
bison;23
resultados;23
piracicabo;23
garagem;23
descontos;23
dentre;23
identificacaoveicularcaminhoes;23
garcia;23
emilio;23
regards;23
clien;23
magno;23
pagamentos;23
capital;23
idavoli;23
Dealer;23
policial;23
icms;23
marina;23
perto;23
itapeva;23
organizar;23
conto;23
uberabar;23
piracicaba;23
dani;23
Jaqueline;23
condutor;23
sanderson;23
rose;23
jau;23
bruto;23
qua;23
farias;23
gilsonr;23
blustar;23
catanduva;23
disco;23
ezequiel;23
cambe;23
selectrucks;23
simbolo;23
formacao;23
acrescentar;23
wendel;23
adicionais;23
sidney;23
mbbras;23
William;23
arque;23
linhas;23
leno;23
garantiapf;23
marciano;23
marcador;23
esporte;23
turismo;23
macapa;23
alavanca;23
pcd;23
retornara;23
efetivo;23
anapaular;23
aquecimento;23
geralmente;23
list;23
extintor;23
instrucoes;23
arlir;23
albavir;23
cli;23
gelog;23
esquerda;23
test;23
parisotto;23
reincidencia;23
testeconsumidormoderno;23
frisa;23
lucianne;23
premiar;23
anuais;23
natanael;22
genivaldo;22
desliga;22
infor;22
cintir;22
good;22
itamar;22
expectativo;22
ti;22
Alex;22
insercao;22
convite;22
clinte;22
cassia;22
isabel;22
adailton;22
rosangela;22
letra;22
vier;22
atc;22
showroom;22
ademar;22
bab;22
vegrander;22
nivaldo;22
postar;22
apo;22
isaias;22
iriam;22
janaina;22
leitura;22
plantonistas;22
fz;22
jpg;22
mensal;22
enio;22
cuidar;22
pessoais;22
foz;22
raul;22
abrer;22
perecivel;22
eliel;22
lider;22
Mail;22
tomaz;22
compramos;22
apesar;22
recebemos;22
disponibilidades;22
colar;22
sinalizar;22
mpc;22
cortar;22
estacionamento;22
destino;22
trativa;22
contudo;22
restaurar;22
caetano;22
forte;22
eliseu;22
juntar;22
queixa;22
ventilador;22
rastreio;22
abastecer;22
Consultei;22
almir;22
aprendizr;22
Compass;22
babugiar;22
prazer;22
diagnosis;22
montesclarosdiesel;22
percurso;22
santiago;22
kb;22
consulto;22
prazos;22
plaqueto;22
franciele;22
piracicabar;22
poderiar;22
weber;22
reforco;22
luzes;22
servo;22
edmar;22
abro;22
pisca;22
lilian;22
graxa;22
coletor;22
viajar;22
imediata;22
oportunidades;22
ascender;22
tca;22
bielar;22
line;21
fe;21
seneh;21
alertar;21
cadastramento;21
macedo;21
templater;21
demanda;21
gean;21
carne;21
frotas;21
daqui;21
roque;21
marcel;21
durabilidade;21
automotiva;21
regina;21
Ricardo;21
desativar;21
curvar;21
realiza;21
mai;21
npm;21
coletar;21
solicitarar;21
concessionari;21
antecipar;21
prefeito;21
below;21
dear;21
guardar;21
cinza;21
lajear;21
preciser;21
helbert;21
francis;21
feiras;21
parados;21
gislaine;21
conter;21
kleyton;21
ressaltar;21
miranda;21
can;21
descer;21
recente;21
sabrinar;21
karen;21
ra;21
combustiveis;21
misturar;21
descontinuar;21
planejamento;21
dario;21
destes;21
rapidamente;21
alison;21
importacao;21
chamadas;21
recebi;21
circular;21
brisar;21
precisara;21
pinto;21
divergencias;21
alugar;21
jennefer;21
rc;21
creditos;21
guerra;21
christian;21
marcacao;21
responsabilizar;21
tamires;21
fontes;21
oficino;21
sta;21
afonso;21
seg;21
publicidade;21
apreender;21
carater;21
garanter;21
verifica;21
vontade;21
esposo;21
papel;21
panes;21
adotar;21
scania;21
pu;21
jhon;21
dedicar;21
correa;21
valoes;21
negociacoes;21
mariano;21
longo;21
ci;21
reconhecer;21
aproveitar;21
clie;21
magdalena;21
excessivo;21
juremashimabukuro;21
cla;21
assist;21
probler;21
album;21
guaratingueta;21
wilian;21
more;21
zh;21
necessidades;20
urgenciar;20
milhao;20
abrimos;20
dosadora;20
consultoria;20
far;20
freire;20
formato;20
tempos;20
facil;20
tratores;20
estudo;20
emanuel;20
fredson;20
valdeci;20
rastrear;20
ideias;20
opcional;20
obtir;20
enviamos;20
pestana;20
sala;20
erechim;20
tinhamos;20
luciane;20
bmwb;20
substituido;20
ad;20
vegar;20
gerador;20
clube;20
acumular;20
inclusa;20
tintas;20
entrevista;20
unico;20
vilson;20
instabilidade;20
raizen;20
metros;20
administrativa;20
processamento;20
mineracao;20
agencia;20
distribuidora;20
ingles;20
londrina;20
madeira;20
brinde;20
angelica;20
adaptacao;20
tcc;20
android;20
clayton;20
epocar;20
suportes;20
nordia;20
resultado;20
mirian;20
consultei;20
encerrada;20
bmfs;20
transtorno;20
dispositivo;20
answer;20
min;20
bmxb;20
francileudo;20
nrs;20
politica;20
carreira;20
divergencer;20
bascular;20
lubrificacao;20
deficiente;20
milha;20
liliane;20
locais;20
fluido;20
incendio;20
vdo;20
prezado;20
tento;20
brito;20
constante;20
dayane;20
jaguardiesel;20
mec;20
intermitente;20
coberto;20
fin;20
encarrocador;20
rodados;20
celeridade;20
acompnhamento;20
acelerar;20
cruzeta;20
mtu;20
juntos;20
ocorrencias;20
reni;20
gf;20
industriais;20
apto;20
gelar;20
celulo;20
instante;20
hudson;19
posterior;19
fatura;19
cotato;19
pista;19
faleconosco;19
enfrentar;19
paraiba;19
autos;19
caique;19
maraba;19
audio;19
aguiar;19
whats;19
optar;19
portifolio;19
concessonaria;19
acerca;19
samara;19
almirante;19
parabens;19
cursar;19
jardel;19
procura;19
modificar;19
compromisso;19
instrucao;19
rsd;19
plastico;19
redirecionar;19
abracos;19
envia;19
livro;19
gentilmente;19
marinho;19
rodado;19
nei;19
entr;19
otoni;19
procon;19
especificamente;19
conato;19
certos;19
board;19
precisarar;19
severino;19
insatisfeita;19
invaler;19
live;19
carmo;19
estranho;19
pergunto;19
bus;19
garcas;19
pedimos;19
Internet;19
bmd;19
ensino;19
impossivel;19
entendi;19
arquivos;19
valdiroficinar;19
sentir;19
silas;19
adias;19
katir;19
turbo;19
robsonserrar;19
coletivo;19
servir;19
correspondencia;19
encaminhamento;19
zerar;19
ddd;19
cassiano;19
does;19
lb;19
paranavai;19
naiara;19
instituto;19
jerson;19
companhia;19
torto;19
desculpa;19
selo;19
contamos;19
tocar;19
lateral;19
pequena;19
kele;19
entregas;19
abaixar;19
puxa;19
beneficio;19
araguaino;19
conessionario;19
comer;19
operalog;19
litro;19
atuacao;19
debito;19
alar;19
mirror;19
respor;19
balanca;19
historia;19
mangueiras;19
usb;19
convenio;19
livre;19
Confirmei;19
quilometros;19
pagante;19
andrea;19
ourinhos;19
agricultura;19
normas;19
pin;19
leo;19
perior;19
setar;19
principais;19
crescer;19
procuro;19
inscricoes;19
viscosa;19
rec;19
rendimento;19
relat;19
host;19
traducao;19
casado;19
neblina;19
found;19
implementos;18
tracar;18
regular;18
antunes;18
concessinaria;18
our;18
xentry;18
[;18
ativa;18
cpc;18
machar;18
instruir;18
marcopolo;18
italo;18
oliveirar;18
dispoe;18
eduarda;18
edimilson;18
elogiar;18
comprador;18
contato;18
medicao;18
ton;18
reclamcao;18
perceber;18
ne;18
leonir;18
adblue;18
referencias;18
componente;18
jaguaribe;18
metalico;18
comprado;18
direitos;18
concorder;18
colisao;18
Wesley;18
aluminio;18
corporativo;18
superaquecimento;18
grupoimediato;18
esquema;18
porte;18
marido;18
socorrer;18
addressee;18
construtora;18
wallace;18
excesso;18
caser;18
ministerio;18
parametros;18
garibaldi;18
kothe;18
acaso;18
comar;18
part;18
praticamente;18
preenchimento;18
inovacao;18
facilidade;18
coelho;18
filha;18
revertida;18
atuo;18
entra;18
alcool;18
negado;18
internos;18
orgaos;18
digitacao;18
aliner;18
lucimar;18
petrolina;18
faur;18
automacaor;18
judicialmente;18
lourenco;18
mourar;18
feliz;18
vpc;18
localidade;18
mapa;18
mari;18
idade;18
planilhar;18
climatizador;18
acertar;18
pabx;18
tania;18
de;18
manualmente;18
dgranel;18
garantia_pirasa;18
vito;18
alice;18
subida;18
umas;18
cabinar;18
paulistadiesel;18
divergentes;18
balao;18
patrocinar;18
formalizar;18
diagnose;18
financeamento;18
edivan;18
camar;18
acessibilidade;18
monitoramento;18
regra;18
gla;18
retificar;18
mello;18
amparo;18
l_x_cpl;18
apitar;18
uniformes;18
veisar;18
tv;18
pirelli;18
cnh;18
tranportador;18
cervejaria;18
couldn;18
system;18
sorry;18
further;18
leticia_angelino;18
constantemente;17
maxuel;17
restricao;17
entidade;17
informcao;17
sintetico;17
mendonca;17
atendentes;17
tec;17
formosa;17
grade;17
acenture;17
tocantins;17
orcar;17
ingaveiculo;17
delo;17
questionou;17
spam;17
ale;17
desgastar;17
urgentemente;17
maciel;17
desconsideracao;17
pingid;17
apartir;17
primeiras;17
virtude;17
hl;17
fleetboar;17
extenso;17
molejo;17
lacerda;17
aberto;17
exterior;17
acompanhamentar;17
segurar;17
ajustar;17
territorio;17
habilitar;17
velocimetro;17
vendedora;17
extraviar;17
ambas;17
le;17
substituida;17
jonatar;17
melhores;17
cabana;17
sueli;17
Inform;17
leste;17
camargo;17
longa;17
piaui;17
veridiana;17
vander;17
virar;17
led;17
midias;17
valerio;17
vivian;17
telio;17
estadia;17
vimos;17
estendir;17
processar;17
transmitir;17
fagner;17
inteligente;17
excecao;17
igual;17
cavalcante;17
bancos;17
aguarde;17
impor;17
pinheiro;17
justo;17
evitar;17
hamilton;17
externa;17
arranque;17
distanciar;17
passos;17
navegacao;17
entramos;17
cenario;17
caminhoneiros;17
comentar;17
boas;17
imoveis;17
carretas;17
itajair;17
froto;17
solicitado;17
aguar;17
marcus;17
recar;17
leito;17
ligo;17
diaria;17
catracas;17
camisa;17
fertran;17
cintia;17
percorrer;17
pt;17
valdinar;17
aperto;17
estadual;17
liquir;17
skulab;17
direciono;17
comum;17
transformar;17
inpi;17
follow;17
bone;17
trator;17
bbm;17
mundial;17
mascaras;17
conforto;17
museu;17
usinagem;17
especialista;17
xxxxxx;17
jeanne;17
modalidade;17
emea;17
investimento;16
locacoes;16
jessicar;16
firmar;16
numerar;16
custar;16
informeir;16
edimar;16
cintiar;16
irmao;16
junio;16
fadel;16
];16
contaminacao;16
bandeirantes;16
apertar;16
camilo;16
var;16
ewanet;16
links;16
allianzr;16
locar;16
despesas;16
cont;16
amassar;16
boia;16
justificar;16
focar;16
larisso;16
trepidacao;16
recorrer;16
catalago;16
recomendacao;16
reply;16
exata;16
rodovias;16
man;16
giovane;16
vedacao;16
permanente;16
orientada;16
comeco;16
alerta;16
vania;16
vasconcelos;16
situar;16
licenciamento;16
immediately;16
received;16
publicos;16
interruptor;16
rachar;16
enquiry;16
grupos;16
saldo;16
solteiro;16
telefonica;16
incluimos;16
pauliane;16
necessita;16
miniatura;16
sperandiodiesel;16
podera;16
definir;16
manutecao;16
falecer;16
exatamente;16
grupodva;16
juliane;16
gasolinar;16
leyliane;16
colaboradora;16
evidenciar;16
aguentar;16
construir;16
market;16
casas;16
y;16
teles;16
bento;16
aceite;16
propriedade;16
poderao;16
encarrocadora;16
sinistrar;16
garantia_araguaia;16
parts;16
gilvan;16
estragar;16
valvulir;16
ferramenta;16
compreender;16
ingressar;16
nigres;16
sinto;16
saturar;16
lojas;16
capo;16
george;16
trabalhos;16
emite;16
conflito;16
icloud;16
frete;16
norberto;16
codificar;16
lampada;16
alicer;16
desja;16
porcas;16
transporta;16
evaldo;16
eficiencia;16
proc;16
movel;16
volvo;16
ivanildo;16
palavras;16
helder;16
segmentos;16
eletronica;16
colaboracao;16
pisar;16
renda;16
error;16
estabelecer;16
premio;16
trote;16
eco;16
geovani;16
prevista;16
prorrogar;16
doc;16
solar;16
temporada;16
igreja;16
semestre;16
corretora;16
gratuidade;16
matic;16
conselheirar;16
copa;16
desenhos;16
inbox;16
inicialmente;16
lucrativos;16
agilizacao;16
Whatsapp;16
angelino;16
alesat;16
solangir;15
ari;15
lgpd;15
sargento;15
registrei;15
would;15
ekosbras;15
mecher;15
conceicao;15
integrar;15
convidar;15
midia;15
rouanet;15
aux;15
almoxarifar;15
beira;15
lagoa;15
importancia;15
moto;15
global;15
absr;15
clauder;15
positivo;15
soltando;15
shell;15
aprender;15
movimento;15
der;15
jaboticabal;15
enderecos;15
telemetr;15
assessoria;15
linhar;15
elevar;15
primeiros;15
elemento;15
amarildo;15
rele;15
tptransportes;15
cidimar;15
obrigatorio;15
vigencia;15
mistake;15
delete;15
supportr;15
mineradora;15
concesssionario;15
frotista;15
coisas;15
cam;15
ayrton;15
ordens;15
atencisamente;15
nilo;15
lu;15
alexsander;15
tecnicamente;15
divir;15
eli;15
wdbbl;15
sede;15
suprimentos;15
cander;15
criminal;15
viver;15
mecatlas;15
mudo;15
revertir;15
especiais;15
limitador;15
injetora;15
software;15
imediatamente;15
robert;15
germano;15
desempregado;15
renavan;15
perdi;15
impressao;15
pinhao;15
trade;15
budel;15
bmcs;15
assistenciar;15
certezar;15
cons;15
demonstrar;15
estipular;15
entregues;15
inmetro;15
pacheco;15
bestbasic;15
levei;15
borrachar;15
andrey;15
carcaca;15
nervoso;15
cobertos;15
postoimperial;15
heverto;15
fraco;15
configuracoes;15
doutor;15
tereza;15
regis;15
traseiros;15
posse;15
auditiva;15
tombar;15
juridica;15
contactar;15
versoes;15
parceira;15
tecnologias;15
exportar;15
ocorrenciar;15
faltantes;15
decio;15
linkedin;15
sanfona;15
finalidade;15
bebidas;15
mandei;15
tco;15
amperagem;15
sonoro;15
diminuir;15
licenca;15
encerrei;15
vira;15
confirme;15
comeca;15
bones;15
atendiemnto;15
pintu;15
barulhos;15
contribuir;15
sl;15
jovens;15
promocionais;15
mbox_dcag_dialog;15
enquiries;15
fu;15
vpf;15
mochar;15
accenturi;15
servicecard;15
jadimo;15
granusso;15
owe;15
infomacoes;14
nove;14
leoncini;14
veirificar;14
escalonar;14
like;14
gruposavar;14
walace;14
isac;14
fernao;14
festa;14
limitar;14
senatran;14
veronese;14
tras;14
fuzivel;14
lindomar;14
lanca;14
travessa;14
jucelino;14
mayarag;14
Fernanda;14
un;14
otaviano;14
barreira;14
conduzir;14
sensores;14
caber;14
adquiridos;14
luciano_eduardo;14
Lages;14
locomover;14
monte;14
eraldo;14
romario;14
encaminhei;14
suficiente;14
previsto;14
bmvb;14
pneumatico;14
visitir;14
agostinho;14
satisfatorio;14
preventivas;14
indentificacao;14
garantias;14
grave;14
veracidade;14
ch;14
americana;14
roseira;14
tamber;14
jr;14
senhr;14
horimetro;14
michelle;14
usp;14
ab;14
stand;14
altair;14
iuri;14
Renan;14
mariane;14
encostar;14
sebominas;14
autodestrutivas;14
rodagem;14
bko;14
provas;14
hum;14
braco;14
diretas;14
selecao;14
situacoes;14
shoras;14
abner;14
ebert;14
lara;14
reavaliacao;14
leonel;14
mota;14
dt;14
magalhaes;14
hellen;14
envie;14
antonia;14
trajeto;14
consideracao;14
paranadiesel;14
oito;14
lucivania;14
travamento;14
anchieta;14
daniely;14
folheto;14
reembolsar;14
estados;14
inacio;14
sheilo;14
itadilr;14
wis;14
tinhar;14
instrumentos;14
omar;14
rita;14
discordar;14
contir;14
celula;14
pel;14
euclides;14
pino;14
intermedio;14
faculdade;14
nordeste;14
colocacao;14
antoniel;14
acionamentos;14
camera;14
perante;14
incluido;14
dai;14
garca;14
passe;14
suspiro;14
exclusivo;14
nesses;14
ruan;14
licitacoes;14
margin;14
estudos;14
assisdiesel;14
maioria;14
partes;14
tavares;14
pena;14
lorena;14
preocupar;14
erickr;14
bosch;14
transtornos;14
parabrisa;14
conversamos;14
edinaldo;14
infomacao;14
sales;14
confeccionar;14
forneca;14
futuramente;14
noturno;14
mondial;14
lanternas;14
fornecedora;14
messias;14
correios;14
proprietaria;14
adelson;14
digitos;14
vias;14
funcoes;14
gel;14
parcer;14
misto;14
lonar;14
dormir;14
reforma;14
extrajudicial;14
brisas;14
diarias;14
lp;14
trepidar;14
pular;14
apaga;14
Deus;14
ambientais;14
formas;14
comercializacao;14
glc;14
motorizacao;14
manhuacu;14
pki;14
adolescentes;14
dedicacao;14
inspetor;14
all;14
hudi;14
rpm;14
sintonizar;14
freia;14
feixe;14
premiacao;14
relacionada;14
ventoinha;14
bertoldo;14
mocha;14
goiascaminhoes;14
finaliza;14
mgranusso;14
pec;14
cheio;13
suspeitar;13
selma;13
vix;13
contao;13
avenidar;13
visitas;13
paloma;13
tambore;13
bonus;13
nclatura;13
materia;13
recepcao;13
order;13
apreensao;13
pessoalmente;13
brenda;13
informacaoes;13
solcitando;13
permanentemente;13
ig;13
secador;13
migracao;13
Forneci;13
seriar;13
curriculos;13
cinta;13
lubrax;13
chevron;13
brutus;13
petroleo;13
bmsb;13
corresponder;13
puderem;13
ativos;13
entendimento;13
devidamente;13
fator;13
carcacar;13
denatran;13
executivo;13
aba;13
suzana;13
blocked;13
instalacoes;13
leila;13
calendario;13
medir;13
Ligacoes;13
cockpit;13
orlar;13
independencia;13
prender;13
obras;13
imprensa;13
master;13
procur;13
correspondente;13
xavier;13
rodalog;13
ambev;13
destas;13
cadastros;13
trata;13
betim;13
interver;13
alcides;13
patrao;13
auxilie;13
verifcar;13
cheiro;13
sarah;13
Rocha;13
divida;13
roney;13
fique;13
coloquei;13
paz;13
inscrever;13
socio;13
visual;13
finais;13
informativos;13
hj;13
gestora;13
durar;13
debitos;13
helena;13
oficiais;13
consultorar;13
mobilidade;13
welton;13
epc;13
tantos;13
silvia;13
ronan;13
percorrido;13
guindaste;13
analisamos;13
marli;13
plataformas;13
existencia;13
planalto;13
levantamento;13
monobloco;13
elaboracao;13
adequar;13
savio;13
souzr;13
pratica;13
solicitados;13
tp;13
trafegar;13
precisamo;13
rochar;13
jonatas;13
antir;13
conceituar;13
conhecimentos;13
encaixar;13
holanda;13
admoficina;13
otonir;13
carregamento;13
destinatario;13
epoca;13
conste;13
varejo;13
bombeiros;13
eric;13
borracha;13
prontamente;13
qdo;13
eta;13
descarga;13
martinelli;13
tnt;13
aproveito;13
informada;13
lauro;13
bmdr;13
barbar;13
marconi;13
paiva;13
respeitosamente;13
identifiquei;13
aposentar;13
vps;13
telfone;13
destinar;13
leao;13
polo;13
refrigeracao;13
encarecidamente;13
jailton;13
alcer;13
corte;13
cargar;13
manuseio;13
psm;13
allan;13
ore;13
viscosidade;13
deposito;13
contrario;13
apolice;13
aposentadoria;13
djalma;13
funciona;13
tarcio;13
beto;13
pneumatica;13
estacionar;13
chance;13
mangote;13
lts;13
corporativa;13
virabrequim;13
help;13
dimas;13
funilar;13
reaberto;13
mot;13
estouro;13
try;13
medicina;13
titulo;13
demonstracao;13
flange;13
kompressor;13
zf;13
acke;13
camisetas;13
enorme;13
infomro;13
cto;13
chover;13
folhas;13
solic;13
oc;13
aproxr;13
barro;13
anota;13
abc;13
full;13
curt;13
tupiracy;13
include;13
garantia_limeira;13
cristovao;12
calcar;12
alternar;12
hd;12
logar;12
aguarder;12
conector;12
fonseca;12
janderson;12
afins;12
bmbsac;12
james;12
fletboard;12
eriko;12
joyce;12
rangel;12
vdl;12
arco;12
pendencer;12
captacao;12
apresente;12
espero;12
localiza;12
orient;12
ping;12
concesionaria;12
jhony;12
hud;12
solto;12
vende;12
infomar;12
contat;12
prar;12
dda;12
reabrir;12
nox;12
bascula;12
clente;12
tran;12
hello;12
resete;12
abrirmos;12
paralelo;12
aten;12
helvio;12
seviero;12
indaiatuba;12
diferenciar;12
projetar;12
cama;12
telef;12
Entrega;12
ester;12
safra;12
getulio;12
milhoes;12
pr;12
ajude;12
aparentemente;12
terceirizar;12
industrias;12
abordar;12
acre;12
lajes;12
medico;12
aulas;12
florianopolis;12
entrei;12
porcentagem;12
oh;12
selecionar;12
grupovamos;12
veiuclo;12
estendida;12
iluminacao;12
jonata;12
conectividade;12
clesio;12
performancer;12
devo;12
impactar;12
precor;12
prazeres;12
darmos;12
heloisa;12
ulisses;12
preparar;12
comprimer;12
athivalog;12
izaque;12
damiaor;12
jan;12
cleide;12
ivo;12
dura;12
senna;12
volume;12
otimar;12
prodoest;12
foco;12
repetir;12
edineia;12
ludmillar;12
Bruna;12
indignacao;12
cm_fleetboard;12
wi;12
regras;12
pedagios;12
raiane;12
dantas;12
agricola;12
maurilio;12
resgistrar;12
tader;12
fixar;12
handling;12
reiniciar;12
africa;12
ouve;12
referenciar;12
ze;12
prestadora;12
clonar;12
uruguaiana;12
seca;12
america;12
colocado;12
graciele;12
fipe;12
eraine;12
leasing;12
promover;12
saia;12
attempt;12
certificacao;12
kaufmann;12
gabrielsantos;12
planta;12
desistir;12
marechal;12
transmaroni;12
silverio;12
adorar;12
separar;12
estaremos;12
pontuar;12
wender;12
auditivo;12
vejo;12
caracteres;12
notamos;12
pietro;12
falo;12
oriente;12
ago;12
transfiro;12
pouca;12
questionario;12
alarme;12
pagas;12
sabrina;12
pesos;12
bmds;12
ltd;12
ubirajara;12
grafico;12
letras;12
ps;12
gratidao;12
especificos;12
especialmente;12
publica;12
john;12
agilize;12
chuva;12
mae;12
averiguar;12
classificado;12
ingrid;12
solitar;12
consertar;12
corretor;12
forro;12
poucos;12
funcionando;12
fab;12
requisitar;12
divesa;12
adalto;12
tulio;12
magda;12
precoce;12
fonte;12
web;12
recurso;12
Gilson;12
valdemar;12
appointment;12
cronograma;12
brandao;12
tinhamo;12
lourival;12
comparecer;12
paulinho;12
derreter;12
alternativa;12
ge;12
iphone;12
validade;12
poeira;12
periodicidade;12
ategos;12
traseiras;12
nessas;12
extensao;12
concorrencia;12
fluminense;12
construcoes;12
liber;12
temer;12
prudente;12
trf;12
obtivemos;12
variacao;12
comportamento;12
nathan;12
destrutivas;12
acende;12
miler;12
lazaro;12
resultar;12
mod;12
investimentos;12
postergar;12
compactador;12
bmac;12
somar;12
diario;12
delivery;12
montadoras;12
lacteos;12
vip;12
recipient;12
silvana;12
encerra;12
joinvile;12
festival;12
cpl;12
conceituada;12
oscilar;12
indico;12
smart;12
su;12
acomp;12
comercais;12
josicleiton;12
competicao;12
questina;12
lube;12
johnny;12
locamerica;12
mso;12
brunobalestrin;12
compartimento;11
restante;11
albertina;11
agradeci;11
alienar;11
realizamo;11
condizr;11
gdis;11
indevida;11
cmfleetboard;11
provocar;11
oap;11
portar;11
abar;11
cronico;11
perguntas;11
muck;11
expedicao;11
visualizacao;11
direcioneir;11
faremos;11
possua;11
erika;11
entar;11
socorros;11
prematuro;11
implantacao;11
finaciamento;11
betania;11
mirela;11
fazermos;11
artigo;11
toledo;11
dms;11
consegir;11
valquiria;11
sermos;11
mecedes;11
apurar;11
anuncio;11
inclinacao;11
inspecionar;11
thg;11
ednei;11
abracadeira;11
escolas;11
massa;11
compartilhar;11
prova;11
cliete;11
eloir;11
edinei;11
poluentes;11
cadeirante;11
roncoletar;11
sujo;11
petrobras;11
brake;11
dificilr;11
claudionor;11
grafite;11
maisa;11
recepcionista;11
pauladias;11
solicit;11
exposicao;11
roubo;11
afetar;11
bi;11
vis;11
weliton;11
compativel;11
vistoriador;11
corretas;11
rosane;11
paginar;11
propr;11
natural;11
arvore;11
perguntei;11
jaderson;11
anibal;11
transgraos;11
ponte;11
salvar;11
treinar;11
souzar;11
lento;11
aldair;11
ff;11
dom;11
las;11
neymar;11
embalagens;11
receberar;11
joana;11
off;11
analisem;11
setores;11
basico;11
tim;11
realidade;11
ressarcir;11
saer;11
ipuacu;11
listagem;11
batente;11
imobilizar;11
pen;11
fatos;11
postos;11
necessite;11
cafe;11
redefinir;11
pesquisas;11
carrocer;11
estarer;11
gleison;11
talita;11
caminh;11
integracao;11
frigorifico;11
genuinas;11
proporcionar;11
celr;11
senhoria;11
ricarte;11
universitario;11
atentar;11
cavalinho;11
umuarama;11
umberto;11
indisponiveis;11
manda;11
travas;11
urbana;11
osasco;11
perez;11
adesivos;11
serv;11
uberlandio;11
acidentes;11
leopoldo;11
pld;11
patricio;11
bombeiro;11
presencial;11
etec;11
loco;11
tezolin;11
calco;11
futebol;11
bast;11
retorner;11
marchar;11
aluguel;11
faixa;11
automotivos;11
errada;11
maia;11
juros;11
txtr;11
basicas;11
autosete;11
reclam;11
formula;11
motorhome;11
tarcisio;11
Carlos;11
festas;11
perdas;11
arte;11
bancarios;11
comparar;11
moveis;11
marcelinho;11
leiloes;11
rolamentos;11
licitatorio;11
mancal;11
urgencio;11
calor;11
simulador;11
mover;11
eloi;11
indevir;11
realizarmos;11
justificativas;11
apreciacao;11
lenta;11
qya;11
piso;11
homologacao;11
embaixo;11
garantiaei;11
pude;11
qie;11
decepcionar;11
Informacao;11
erick;11
protoocolo;11
phone;11
lucelia;11
cabinir;11
adentrar;11
estabilizadora;11
sociedade;11
proprietarios;11
gauchodiesel;11
dione;11
marcelino;11
estender;11
herbert;11
poi;11
futura;11
repasso;11
pc;11
propostas;11
historicos;11
interessante;11
valdomiro;11
proxir;11
desatrelar;11
api;11
expansao;11
presenca;11
funcionalidade;11
dificultar;11
macaco;11
icone;11
buffetr;11
nepomuceno;11
coleta;11
medo;11
ford;11
alcar;11
solucionado;11
conf;11
desalinhar;11
reforcar;11
ga;11
start;11
expressar;11
investir;11
caixer;11
jeito;11
virus;11
vazio;11
mi;11
etapa;11
carteira;11
bicudo;11
investigar;11
pipa;11
versolato;11
incentivar;11
mary;11
excedente;11
laerti;11
conver;11
quente;11
teleofne;11
produtor;11
activity;11
werick;11
pcs;11
advertir;11
pesquisei;11
ilustrar;11
tronic;11
mayllar;11
element;11
froner;10
regioes;10
instancia;10
escala;10
vanilson;10
grafica;10
Axor;10
contaminar;10
carneiro;10
navegador;10
marginal;10
denominacao;10
admissivel;10
orie;10
rinaldo;10
oliver;10
elir;10
tira;10
cilindrar;10
mpolo;10
obg;10
janio;10
simao;10
dwg;10
condenar;10
parametrizar;10
revisaor;10
ellen;10
mobil;10
tra;10
veiculoscomerci;10
sds;10
marciel;10
au;10
latina;10
encontre;10
preferenciar;10
sab;10
information;10
exclusividade;10
revendas;10
oab;10
wilton;10
donizeter;10
eum;10
protoco;10
desatualizar;10
ret;10
identifica;10
bujao;10
sas;10
epp;10
balcao;10
vargas;10
fleetbord;10
calcular;10
resende;10
acaba;10
vale;10
inativos;10
anel;10
sivaldo;10
estudantes;10
taubate;10
celia;10
complet;10
vilela;10
quadrado;10
plinio;10
consequentemente;10
vanderleir;10
ger;10
rejane;10
sincronizar;10
emilson;10
concesssionaria;10
liberdade;10
pessima;10
contabilidade;10
sumare;10
leme;10
adiquirir;10
leopoldinar;10
completas;10
fev;10
consult;10
lago;10
jaguaribediesel;10
unimog;10
atedimento;10
alavancar;10
parnamirim;10
equivoco;10
diagnosticos;10
ligacoe;10
irma;10
rebeca;10
ariane;10
luciar;10
pedra;10
arranhar;10
sperandiosa;10
karine;10
infraestrutura;10
claiton;10
correias;10
inovador;10
estilo;10
soraia;10
raio;10
ater;10
gm;10
poderer;10
daiana;10
jocemar;10
temporario;10
mouraor;10
alexander;10
vilma;10
solici;10
revestimento;10
escolares;10
sex;10
otima;10
infomeir;10
edipo;10
larizar;10
valdeir;10
efetuamos;10
work;10
consessionaria;10
atrapalhar;10
toque;10
segar;10
apresenta;10
josemar;10
equivocar;10
trasnferencia;10
file;10
acredito;10
jesse;10
agr;10
hi;10
Porto;10
power;10
distribuidorar;10
policiacivil;10
Aline;10
apoiar;10
dupla;10
perigoso;10
busquei;10
telefonicos;10
parametro;10
altera;10
buses;10
acom;10
parabrisar;10
ivanio;10
pequenas;10
lailton;10
congelar;10
corrente;10
explodir;10
combustao;10
objeto;10
professora;10
novidade;10
ivaldo;10
pcm;10
emergencial;10
suprimento;10
org;10
backoffice;10
alongar;10
respectivos;10
vinte;10
clemerson;10
translecchi;10
molhar;10
globo;10
jenifer;10
neide;10
tocantim;10
provavel;10
significado;10
taboao;10
elmer;10
jonathas;10
aa;10
praia;10
detranr;10
preter;10
pintar;10
faltante;10
caricio;10
user;10
fornecido;10
confirmacoes;10
suporta;10
servic;10
decisor;10
hrser;10
pede;10
helton;10
reclar;10
irei;10
benzcaminhoes;10
filme;10
avariar;10
iveco;10
largura;10
retomar;10
providencia;10
bs;10
anselmo;10
poliana;10
ong;10
mineral;10
estudar;10
fones;10
cur;10
denominar;10
opcionais;10
fazenda;10
detalhamento;10
eaton;10
protetor;10
tubos;10
acoplar;10
comprometimento;10
esforcar;10
andrezar;10
piscar;10
quarto;10
carnaval;10
paralela;10
laerte;10
ks;10
cassius;10
apito;10
utilidade;10
fecho;10
candido;10
lg;10
informamo;10
he;10
prossegur;10
basica;10
vinculo;10
hospital;10
transpedrosa;10
gasto;10
telefonar;10
Gerson;10
lucimara;10
tb;10
decidir;10
genuina;10
joacir;10
elogia;10
deejar;10
pastilhas;10
alecio;10
potencial;10
caixas;10
educacional;10
precisao;10
metalicas;10
interromper;10
crianca;10
regiane;10
paises;10
bielas;10
concorrer;10
urban;10
eskulabsr;10
sup;10
buzina;10
emily;10
cocnessionario;10
coberturas;10
aka;10
poss;10
doralice;10
logistico;10
atleta;10
corporativos;10
contract;10
cumprimento;10
adequada;10
vazamentos;10
oculos;10
access;10
reversaor;10
apresntar;10
antecipacao;10
portinhola;10
decreto;10
keila;10
stop;10
empregos;10
hercules;10
condominios;10
cs_customer;10
reser;10
experiencias;10
concesisonario;10
crescimento;10
calibrar;10
dirme;10
artistas;10
circulo;10
comp;10
reclamaca;10
telepecas;10
estorno;10
wasn;10
has;10
these;10
itumbiaracaminhoes;10
assistencial;9
agendamentos;9
relacoes;9
mp;9
macae;9
sobr;9
ori;9
receberia;9
bmhs;9
hilton;9
quimica;9
autenticacao;9
jullyana;9
cer;9
sar;9
excluer;9
caracteristica;9
ciro;9
josiel;9
teofilootonidiesel;9
blue;9
Henrique;9
ld;9
seguida;9
telefon;9
horta;9
sde;9
xle;9
fio;9
veiculoscomerc;9
kevin;9
lobo;9
fatec;9
raphael;9
enviaria;9
multas;9
promocoes;9
fm;9
americar;9
filhos;9
ritar;9
sabino;9
dp;9
adaptacoes;9
definicao;9
Ramos;9
feriados;9
autar;9
urbanos;9
enquadr;9
iformar;9
cartas;9
auxiliei;9
empresarial;9
Estadia;9
enviada;9
concessioanria;9
escrivao;9
checar;9
luciene;9
bernar;9
fraude;9
josi;9
captura;9
fga;9
covas;9
diretores;9
registr;9
mencionados;9
trevo;9
culpa;9
normais;9
tarso;9
copiar;9
terminais;9
agil;9
padroes;9
vin;9
omlar;9
paulinia;9
originalidade;9
minuto;9
talia;9
clinete;9
efetue;9
aloisio;9
administrador;9
colocamos;9
estando;9
elson;9
aquisicoes;9
arthemis;9
alcione;9
ponteira;9
encaixe;9
levaria;9
grupohorizonte;9
smo;9
praticar;9
jessicaks;9
dee;9
crislaine;9
distante;9
anhanguera;9
pirasaveiculos;9
chegara;9
pato;9
envios;9
tremer;9
economico;9
ocorrerar;9
circulacao;9
sugeri;9
menezes;9
descricoes;9
viabilizar;9
js;9
givanildo;9
frequentes;9
sambaibacps;9
vice;9
tentamos;9
wagneralvesdemoura;9
evidencia;9
cumprimentos;9
agradecimentos;9
adquir;9
elcio;9
cfe;9
biodiesel;9
consultas;9
amar;9
paulino;9
welinton;9
produtivo;9
ssp;9
aguas;9
prosseguimento;9
helen;9
tro;9
leia;9
americo;9
permissao;9
estabilizador;9
thomas;9
roberio;9
aceso;9
rodoben;9
ney;9
lamentar;9
paineis;9
eduardar;9
rossi;9
lemos;9
cleberson;9
thaiscorsato;9
feijo;9
sascar;9
acomapanhamento;9
elizeu;9
uchoa;9
barboza;9
desmanchar;9
pedalr;9
paralamas;9
iriamos;9
inumeras;9
gina;9
consu;9
notificacoes;9
procure;9
repor;9
arantes;9
pleito;9
miolo;9
incomodo;9
set;9
rony;9
divonei;9
presentes;9
calir;9
joabe;9
infoma;9
emergencia;9
encontr;9
destacar;9
bmtb;9
revertido;9
bolsas;9
saraiva;9
pamelar;9
goncalvez;9
jadson;9
consocio;9
padre;9
acabamento;9
dener;9
extraido;9
tesla;9
entulho;9
modificacao;9
number;9
comissao;9
caminhar;9
qualificar;9
edilon;9
marivaldo;9
sorte;9
ol;9
gabina;9
assistir;9
intensao;9
Rosangela;9
muniz;9
dagua;9
terreno;9
mercadoria;9
postura;9
Jatai;9
assobens;9
campana;9
encerro;9
coveima;9
souber;9
grau;9
wenderson;9
assistencer;9
ajustes;9
associar;9
mina;9
airbag;9
Jeferson;9
country;9
nilda;9
empenar;9
galvao;9
efetuei;9
galdino;9
michelin;9
itau;9
especializados;9
cabeca;9
implantar;9
confirma;9
extranet;9
aroldo;9
prototipo;9
ed;9
prevencao;9
necessar;9
clever;9
weslei;9
pregao;9
joelson;9
protoc;9
valdenir;9
soco;9
rad;9
esportes;9
epi;9
disser;9
receio;9
deivid;9
opacidade;9
circuito;9
potenciar;9
concessionaio;9
simplesmente;9
indicacoes;9
isaac;9
retarde;9
finame;9
protcolo;9
servi;9
trancar;9
definitivamente;9
multimidia;9
dep;9
engrenagem;9
grupogelog;9
soldar;9
ferraz;9
seminovo;9
vanderleia;9
caitar;9
rodizio;9
conquistar;9
vantagens;9
enviadas;9
lamentavel;9
brequim;9
val;9
remessa;9
ventuinhar;9
amp;9
antoniobrito;9
minimizar;9
nacionais;9
setas;9
desej;9
bancaria;9
tipo_consultar;9
mestre;9
irregularidade;9
geracao;9
porca;9
vagar;9
campeonato;9
alter;9
aposentador;9
sugestoes;9
madrugada;9
informatica;9
lembro;9
gps;9
dispomos;9
estagiarios;9
judiciais;9
esa;9
profissiografico;9
moda;9
recorda;9
complaints;9
campeonatos;9
aguarar;9
solictacao;9
combate;9
canecas;9
afericao;9
estabilidade;9
figurinhas;9
trelsa;9
trafego;9
simulacao;9
residente;9
grever;9
ajudante;9
secundario;9
alemao;9
europa;9
freiar;9
objetivos;9
intervenha;9
balanco;9
apresent;9
glenio;9
emp;9
transf;9
laboratorio;9
comex;9
failed;9
groups;9
continues;9
ajccomexserv;9
thcm;9
proxi;8
mauri;8
kelvin;8
piracema;8
creditar;8
taxar;8
benzconsorcio;8
dd;8
estarmos;8
ip;8
livia;8
cuiba;8
func;8
argumentos;8
clark;8
caus;8
interferimos;8
patrocinadores;8
fatores;8
tecla;8
marcilio;8
express;8
desligamento;8
suzano;8
ronei;8
senhas;8
multi;8
asfalto;8
heder;8
valinhos;8
vagno;8
suspensor;8
ruy;8
cris;8
aguiabranca;8
conseguiria;8
neirivan;8
reposicionar;8
claudiana;8
telefor;8
apontar;8
graduacao;8
aconcessionaria;8
joab;8
quq;8
angulo;8
diones;8
casagrander;8
betoneira;8
edir;8
box;8
trm;8
alana;8
roberval;8
caminhoneiro;8
indentificar;8
onofre;8
find;8
advogar;8
Jean;8
frear;8
arriar;8
celulares;8
qui;8
tocantis;8
Situacao;8
entraria;8
bravolog;8
analizar;8
amarildar;8
kilometros;8
recomendei;8
escriva;8
papo;8
luany;8
resistencia;8
crlv;8
calixto;8
escalacao;8
armazenar;8
plantar;8
copo;8
prints;8
livros;8
impossibilidade;8
noticia;8
jornalista;8
formal;8
cruzeiro;8
vizualizar;8
temporaria;8
edivania;8
calculos;8
Ribeiro;8
bloqueia;8
jm;8
resumir;8
curty;8
salomao;8
produtivos;8
lucena;8
crvar;8
descritas;8
gerenciar;8
complicado;8
dialogo;8
edersonr;8
connect;8
adson;8
rios;8
companhamento;8
gama;8
mercadorias;8
rela;8
consegui;8
amaro;8
io;8
inteira;8
ocntato;8
basear;8
infromacoes;8
td;8
acontecerar;8
fabri;8
jf;8
micaelle;8
secao;8
chips;8
defletor;8
minerio;8
sustentavel;8
veculo;8
contate;8
fausto;8
comprovantes;8
importacoes;8
chuvas;8
coco;8
metodo;8
elementos;8
ficarei;8
destinatarios;8
percebi;8
isolar;8
etecnica;8
exato;8
missi;8
anunciar;8
marilaine;8
acessoria;8
categor;8
tlx;8
denise;8
tl;8
roseane;8
musica;8
gratuitamente;8
zurich;8
andresa;8
zanetti;8
senior;8
patriciar;8
gratuito;8
melhore;8
andrius;8
aires;8
Willian;8
compro;8
capacitacao;8
samira;8
sd;8
ampliar;8
azgj;8
feriar;8
concessonario;8
impacto;8
carreteiro;8
morning;8
glog;8
mascara;8
solicitanto;8
valquir;8
claudir;8
atibaia;8
jordelino;8
keyton;8
claudinar;8
Claudinei;8
model;8
descargar;8
antonela;8
enfim;8
nagila;8
barbacena;8
inclusos;8
gualberto;8
encerrados;8
cirino;8
preocupado;8
ouvidor;8
peixoto;8
trocamos;8
burocracia;8
informaco;8
munck;8
utiliza;8
exigencias;8
avalie;8
triangulo;8
frequente;8
contr;8
quan;8
produtora;8
direct;8
conteur;8
edvan;8
qe;8
aderir;8
cleirici;8
grunner;8
reformar;8
administrativos;8
braga;8
atendar;8
escrito;8
serasa;8
ligado;8
tbm;8
capitao;8
compreer;8
resolr;8
solir;8
airtonr;8
remanofaturar;8
itumbiar;8
cuja;8
mon;8
revertar;8
parcelamento;8
paola;8
eletricas;8
conduta;8
Everton;8
gi;8
cabral;8
experience;8
unknown;8
inadmissivel;8
int;8
caricaturas;8
paixao;8
percar;8
corr;8
giuliano;8
gregorio;8
paralama;8
luzer;8
protoclo;8
cooperativa;8
lancamentos;8
bueno;8
precisamos;8
pronaf;8
novidades;8
savarauto;8
euzelio;8
conego;8
atendr;8
abraao;8
levi;8
li;8
advogados;8
Manoel;8
parisoto;8
disparar;8
cleomar;8
submissao;8
eo;8
intervalos;8
colaborar;8
alcance;8
lance;8
Alega;8
questionamentos;8
cleyton;8
barrar;8
bartolomeu;8
gian;8
iso;8
participantes;8
rayssa;8
lotar;8
pior;8
weverton;8
estruturas;8
thamires;8
reagendar;8
barreto;8
admirador;8
jeanr;8
paes;8
glauber;8
boletim;8
excelencia;8
educar;8
manut;8
nov;8
peterson;8
concessioario;8
nela;8
leiliane;8
ines;8
registra;8
im;8
baixando;8
defesa;8
concreto;8
inter;8
pag;8
ue;8
portaria;8
financiamentos;8
excepcional;8
reunidas;8
ob;8
viomar;8
indignar;8
acessorio;8
montador;8
gurupi;8
recla;8
forcar;8
propaganda;8
enrolar;8
desengatar;8
chego;8
aca;8
libras;8
interpretar;8
remarcar;8
francimar;8
carnauba;8
iago;8
nestes;8
aereo;8
folgar;8
passagens;8
direciona;8
perde;8
arcoverde;8
rendimentos;8
parabenizar;8
honrar;8
indormar;8
sozinha;8
haviamos;8
jorgival;8
dilson;8
desbloquea;8
somo;8
vandir;8
corretivo;8
eficiente;8
ns;8
carinho;8
mestrar;8
benito;8
baumuster;8
metal;8
requerer;8
correcaor;8
roseli;8
desafios;8
habilitacao;8
coracao;8
ruir;8
geradores;8
elielson;8
vestuario;8
tatuape;8
patrus;8
desenvolvemos;8
terceirizacao;8
executivos;8
leves;8
paleativo;8
dta;8
compressao;8
comprometer;8
acarretar;8
futurar;8
seminovos;8
cuidados;8
goodyear;8
sei;8
publicar;8
cabiveis;8
concordo;8
aguarda;8
apeca;8
energetica;8
torrer;8
fabricas;8
internacionais;8
representacao;8
desejamos;8
parede;8
prev;8
empilhadeira;8
gt;8
bl;8
decalque;8
diversar;8
moderna;8
trabalhe;8
soliicta;8
bar;8
diretora;8
sitema;8
zenildo;8
faze;8
sintomas;8
orientear;8
previdenciario;8
free;8
valida;8
how;8
culturais;8
entrevistas;8
oscar;8
atestar;8
mistura;8
invencao;8
cnc;8
algar;8
patentes;8
questionamos;8
get;8
infiltracao;8
especialistas;8
desjea;8
cadastrocm;8
energizacao;8
fabr;8
renegociar;8
ventoinhar;8
sorteio;8
watch;8
neg;8
eb;8
apontamento;8
difculdade;8
sartori;8
constatacao;8
gb;8
fh;8
refeicoes;8
env;8
ins;8
jb;8
solciita;8
nascer;8
separacao;8
trato;8
ascende;8
acompanh;8
dev;8
exclamacao;8
promocional;8
deitar;8
problem;8
desesja;8
idiomas;8
gilvaniasouza;8
bondezan;8
entered;8
resend;8
spbre;8
quetsionar;8
braincrm;8
adenir;7
galpao;7
solicitadas;7
cintar;7
conclusivo;7
alongamento;7
raissa;7
analises;7
marta;7
informcaoes;7
darlan;7
viaturas;7
eron;7
obte;7
sheyla;7
iii;7
sayao;7
chacara;7
sadive;7
del;7
rei;7
inumeros;7
pau;7
palavra;7
qzkf;7
cuiabo;7
confraternizacao;7
meta;7
proto;7
db;7
legais;7
zimbra;7
torino;7
retsetr;7
cobr;7
triangulotransportes;7
jaqueliner;7
ibor;7
osvani;7
manga;7
taxas;7
tales;7
ednar;7
qph;7
elen;7
walquiria;7
identifico;7
expansul;7
autodestrutivel;7
alexsandro;7
iucarar;7
manifestar;7
pagos;7
janete;7
documentacoes;7
paga;7
totalizar;7
leone;7
elizar;7
aplica;7
atletas;7
entrarao;7
unificar;7
ruar;7
lotacao;7
uberlandir;7
portador;7
ypf;7
tenente;7
pensao;7
rosano;7
deveriamos;7
negadas;7
cruzes;7
gleidson;7
fde;7
sabado;7
higor;7
Regiao;7
cami;7
engater;7
miqueias;7
respectivas;7
onibur;7
nuemro;7
bate;7
excel;7
sedex;7
carlos_augusto;7
robertar;7
sampaio;7
andreazza;7
merced;7
injetar;7
girar;7
respostar;7
ronar;7
download;7
jaguariaiva;7
indices;7
caroliner;7
populacao;7
joaopaulo;7
doi;7
jarbas;7
reapro;7
facilities;7
revendedora;7
precisamente;7
combater;7
recalls;7
servidor;7
Sidney;7
pranchar;7
benevides;7
fiscalizacao;7
prtocolo;7
ivone;7
rodobenz;7
disciplina;7
reclmacao;7
diogenes;7
reabertura;7
engenheiros;7
rayane;7
ep;7
requisicao;7
rosangelar;7
concessioanr;7
fabiola;7
mts;7
sinope;7
justino;7
regisr;7
poderias;7
araraquar;7
wadson;7
rfeijor;7
bandeira;7
stefanidiesel;7
flaviar;7
ananias;7
plaza;7
extracao;7
road;7
proprios;7
arlei;7
solicitnar;7
coma;7
consolidar;7
Allianz;7
conlogsa;7
protesto;7
efetivar;7
coloque;7
contorno;7
alguer;7
acne;7
ludmilla;7
metalurgica;7
urgentes;7
informativo_serviceh_gs;7
perfeitamente;7
constantes;7
vencida;7
sequer;7
acompanhemento;7
peru;7
fechadas;7
dedir;7
enquadre;7
lavar;7
autoseter;7
marcileidir;7
janine;7
hr;7
diniz;7
abrira;7
yago;7
concertar;7
franklin;7
claras;7
atuba;7
arrudar;7
colher;7
prof;7
reativar;7
devida;7
terem;7
fichar;7
emblema;7
palmares;7
assento;7
carrocerias;7
filipi;7
encaminhamos;7
neri;7
estavamos;7
vinda;7
tubarao;7
o;7
lisboa;7
visao;7
cleonice;7
chao;7
quebrada;7
sir;7
reciclagem;7
gr;7
recibo;7
encaminha;7
tamar;7
giuseppe;7
possibilitar;7
patrimonio;7
originalmente;7
izabel;7
praca;7
foreign;7
office;7
room;7
jaquelinar;7
refazer;7
Bmgs;7
levamos;7
frotar;7
olho;7
bizerra;7
europamotors;7
rachadura;7
aperfeicoamento;7
pres;7
tomas;7
fasso;7
roteirizacao;7
view;7
ques;7
tamiris;7
edinho;7
marcal;7
elis;7
inexistente;7
doze;7
lana;7
reajuste;7
saneamento;7
col;7
basculamento;7
gravacoes;7
clica;7
inseri;7
meia;7
guacu;7
zanchin;7
cab;7
metalica;7
procedencia;7
Alemanha;7
mayarasilvar;7
villanova;7
proteger;7
cereais;7
revendedor;7
anormal;7
iris;7
paguir;7
veicuo;7
avisos;7
senac;7
autodestrutiva;7
deivys;7
response;7
type;7
created;7
respaudo;7
sessao;7
erivaldo;7
federacao;7
receitar;7
metade;7
disesel;7
predial;7
tensao;7
alexandra;7
loca;7
preocupacao;7
medias;7
andrar;7
pleitear;7
face;7
revisto;7
imaginar;7
oficinas;7
elisabete;7
janahy;7
recebemo;7
respondido;7
mkt;7
independentes;7
leninha;7
basseti;7
lavras;7
vitima;7
gru;7
laur;7
commerce;7
libere;7
tribunal;7
oziel;7
emprestar;7
pratico;7
cinthia;7
bottom;7
gases;7
lmoreira;7
artes;7
vendedores;7
instisfeito;7
similar;7
chek;7
questinar;7
damasceno;7
flexivel;7
incluida;7
reitero;7
quilometro;7
enganar;7
copias;7
academico;7
rondon;7
instala;7
comentarios;7
tamara;7
matias;7
concessionaro;7
prestacoes;7
break;7
jussara;7
esteves;7
aceitacao;7
antena;7
seguidores;7
mesm;7
chama;7
autonomia;7
marinaldo;7
convencional;7
cestas;7
plotagem;7
verficar;7
fabricia;7
fb;7
relogio;7
claudecir;7
bocal;7
riscos;7
dbf;7
reservatorios;7
sinalizacao;7
will;7
designer;7
mastroiene;7
avancar;7
delegado;7
tramite;7
resolva;7
passante;7
erainar;7
marlene;7
Alexandra;7
caderno;7
general;7
audios;7
wilker;7
ata;7
declarar;7
bck;7
peguei;7
anexei;7
reponsavel;7
ml;7
devolutiva;7
capacitar;7
barato;7
gero;7
ora;7
converter;7
boca;7
interessado;7
johnnyr;7
campanhas;7
flaviano;7
aprendizagem;7
felicio;7
acompanharr;7
glauco;7
alfa;7
automotivas;7
madeiras;7
mexeu;7
homologado;7
inseguro;7
fretamento;7
rhr;7
inventor;7
prestes;7
elevador;7
concessiona;7
art;7
garsa;7
disposto;7
parceiras;7
devanir;7
perigosa;7
solucione;7
aceitamo;7
jhonathan;7
joban;7
jornalismo;7
bons;7
graziela;7
levasse;7
percorrida;7
simoes;7
vaz;7
advocacia;7
couto;7
empenho;7
documentar;7
gabine;7
adulteracao;7
whashington;7
isolamento;7
fei;7
bitruck;7
juliete;7
dionisio;7
graficos;7
cncessionario;7
buraco;7
normalizar;7
expectativas;7
itinerante;7
belini;7
pinhaor;7
raper;7
eirelli;7
polos;7
assessor;7
tranco;7
toyota;7
alegacao;7
atencioso;7
senador;7
decar;7
conselho;7
ampliacao;7
tiagodssilvastb;7
imensamente;7
anomal;7
respeitar;7
evolucao;7
keuller;7
descontente;7
lojar;7
requisitos;7
alema;7
intervem;7
americas;7
honra;7
isencao;7
campus;7
fecha;7
recondicionar;7
agradece;7
bolinha;7
bank;7
cuicas;7
kindly;7
artista;7
exigencia;7
coupe;7
vertical;7
miniaturas;7
revender;7
admirar;7
automobilismo;7
diag;7
partners;7
paciencia;7
conversei;7
racing;7
but;7
previo;7
amarrar;7
vitae;7
martinho;7
participante;7
gestores;7
gte;7
integral;7
elizete;7
hp;7
recrutamento;7
insta;7
bicicletas;7
sacolas;7
project;7
fios;7
excelentes;7
soliictar;7
priemiro;7
blogcaminhao;7
dynamic;7
sobrecarga;7
fire;7
diariamente;7
imenso;7
producaor;7
ghei;7
panelas;7
orientamo;7
decorrencia;7
lente;7
lama;7
propostar;7
cabines;7
alvo;7
red;7
ufsc;7
conferi;7
gentil;7
pbtc;7
lig;7
pod;7
hold;7
preci;7
fiat;7
suposto;7
duro;7
contacto;7
glaucia;7
fabrcia;7
xp;7
concs;7
frio;7
palheta;7
valcir;7
sports;7
coronavirus;7
teor;7
patinar;7
amperes;7
fup;7
ascesa;7
eletronicos;7
notif;7
pujante;7
atendiment;7
rone;7
possuor;7
crise;7
desgastes;7
siri;7
quest;7
conservacao;7
inexistentes;7
vavula;7
traducoes;7
news;7
baltec;7
html;7
kaito;7
katiane;7
code;7
shroeder;7
richel;7
helpdes;7
Mailto;7
garan;7
layse;7
delta;7
raco;7
icon;7
voitas;7
inox;6
imetro;6
continuacao;6
crer;6
equipa;6
resolutiva;6
apena;6
volnei;6
naira;6
veiuculo;6
day;6
exclusaor;6
teodoro;6
cb;6
observei;6
skype;6
mx;6
solution;6
dc;6
entoru;6
cf;6
compressores;6
tc;6
secadora;6
qd;6
caracterizar;6
protocol;6
edmur;6
registar;6
justamente;6
juscelino;6
norma;6
arrematar;6
concessioanrio;6
tupi;6
refente;6
telma;6
lemmers;6
fas;6
design;6
curvelo;6
delvac;6
edna;6
presteza;6
bd;6
solicitir;6
combinado;6
corrida;6
apae;6
castrol;6
trazeira;6
Gilberto;6
vitorio;6
compartilho;6
motar;6
ulises;6
cert;6
reclamac;6
group;6
about;6
spirax;6
Cbmsa;6
classic;6
eliandro;6
jacarei;6
agro;6
mercdes;6
delegar;6
nielson;6
erik;6
die;6
josenildo;6
quadrados;6
clico;6
soldado;6
metropolitana;6
viva;6
viculos;6
soicitar;6
setter;6
rigel;6
galcon;6
identificacaoveicular;6
atitude;6
fazendar;6
estarem;6
querio;6
eventuais;6
ee;6
alcir;6
merc;6
auditoria;6
suzane;6
cheguei;6
falarr;6
jennifer;6
clemente;6
Estados;6
orien;6
ijuir;6
taipastur;6
mrf;6
rondoniar;6
Accenture;6
form;6
deparar;6
atento;6
niveis;6
wanderlei;6
japi;6
academica;6
mecatronica;6
instituicoes;6
telefo;6
deise;6
greise;6
enteder;6
monike;6
tele;6
guarapoar;6
recebera;6
castilho;6
comear;6
marisar;6
danillo;6
terciliar;6
textil;6
delei;6
metro;6
router;6
wellinton;6
Souza;6
carregador;6
rampa;6
izamar;6
jpaulo;6
conecta;6
entru;6
remano;6
estimativa;6
aluna;6
pagto;6
puv;6
nobrega;6
epis;6
luvas;6
guinchos;6
leve;6
iformacoes;6
barao;6
contatto;6
madrugar;6
insistencia;6
potente;6
suely;6
capaz;6
pego;6
hernandes;6
reencaminhar;6
extrapesar;6
ligara;6
relizar;6
noticias;6
exp;6
atendime;6
tio;6
amambai;6
enilson;6
explique;6
laminar;6
elizabety;6
wagnermoura;6
permaneco;6
elaborar;6
seguimos;6
groff;6
fuso;6
guedes;6
inconvenientes;6
mentoria;6
geizar;6
implacar;6
reaver;6
ear;6
vence;6
mapping;6
acho;6
probelma;6
alvorar;6
tombini;6
argentino;6
reino;6
jardins;6
existia;6
reginaldar;6
conveimar;6
ejz;6
mishellyr;6
jabo;6
despesa;6
caminhoa;6
marilene;6
liberado;6
dir;6
wddbl;6
tamplete;6
retiro;6
buenos;6
periciar;6
contente;6
agregados;6
destrutivar;6
autorais;6
errado;6
toninho;6
socorrido;6
publicacao;6
slicitar;6
estribo;6
carlospereirar;6
kaique;6
pontas;6
devair;6
interferencia;6
interfirimos;6
encerrado;6
acerto;6
criei;6
incompleto;6
weuller;6
situacaar;6
portugues;6
afranio;6
intervimos;6
sigo;6
eventual;6
rosalvo;6
fagundes;6
following;6
fornecia;6
alterir;6
Catalao;6
mulher;6
thanks;6
atrasos;6
assumpcao;6
maroni;6
ali;6
chaveiro;6
joelma;6
posi;6
misael;6
ncm;6
castelo;6
qualificacao;6
dirce;6
precise;6
thalles;6
concessoes;6
geyse;6
nobrir;6
qtde;6
divonar;6
degrau;6
ressalto;6
audiovisual;6
coronel;6
tranferencia;6
possa;6
mike;6
tdmlogistica;6
recber;6
abencoar;6
pdfer;6
ergonomia;6
relacionado;6
conse;6
atulaizacao;6
farlei;6
George;6
need;6
rep;6
cd;6
gira;6
eleandro;6
tijucas;6
bryan;6
quinze;6
heleno;6
sharlene;6
vencido;6
devar;6
opcoe;6
tangar;6
ul;6
escolha;6
umudiesel;6
emparelhamento;6
nehuma;6
atualizada;6
perfeito;6
juvenal;6
mecanicas;6
descritivo;6
bonito;6
sena;6
lourdes;6
sesi;6
prf;6
durval;6
consorcios;6
monitor;6
costumar;6
welson;6
detalhe;6
trataiva;6
erexim;6
alameda;6
jason;6
cuiaba;6
rosca;6
destaque;6
recebimentos;6
consequencia;6
magueira;6
rejeitar;6
ronildo;6
individual;6
comil;6
vicosa;6
contratada;6
segundos;6
naor;6
bronzina;6
bancario;6
podermos;6
dinamica;6
vanderley;6
agur;6
completos;6
frotistas;6
quo;6
elizabeth;6
ruas;6
kk;6
dis;6
promessa;6
duque;6
hybrid;6
veronica;6
pousar;6
stenio;6
acer;6
dor;6
minasmaquina;6
veiulo;6
Mecasul;6
isis;6
florence;6
raposo;6
assitencia;6
botucatu;6
agentes;6
demor;6
bmcb;6
back;6
periodica;6
verific;6
rodoviaria;6
decepcao;6
files;6
encaminhe;6
exemplos;6
finalizamos;6
osnir;6
canto;6
kenedy;6
rosenildo;6
reconhecimento;6
sexto;6
terezinha;6
qoh;6
controlador;6
aragao;6
djair;6
desesperar;6
ecessitamos;6
coifa;6
paralamar;6
rodbens;6
legalizar;6
correcoes;6
excessao;6
exames;6
procedente;6
investigacao;6
rhenan;6
business;6
exibir;6
cesta;6
bexigao;6
roai;6
tornarr;6
garantiar;6
removir;6
florisvaldo;6
zap;6
rampar;6
destaques;6
banheiro;6
volare;6
confeccoes;6
mineiro;6
er;6
cristine;6
escopo;6
gutier;6
Valdemar;6
privado;6
ruber;6
bim;6
evair;6
fechadura;6
serio;6
executiva;6
oculto;6
vibra;6
pwi;6
manobras;6
cap;6
soliciteir;6
matar;6
adhemar;6
filmagens;6
antecedencia;6
questio;6
informad;6
limpar;6
blumenau;6
cosntar;6
encher;6
elimar;6
sucatas;6
socrates;6
explicacoes;6
compas;6
negativamente;6
visto;6
consertado;6
dra;6
dut;6
domicilio;6
hm;6
fer;6
complaint;6
sirlene;6
denner;6
gilmara;6
relatos;6
acidentar;6
tarcioribeiro;6
carda;6
edmilton;6
devidas;6
transicao;6
dificudade;6
tensor;6
legalizacao;6
cdc;6
edburgo;6
carlosv;6
litragem;6
frequentemente;6
isadora;6
entretenimento;6
causadora;6
consumidores;6
sm;6
receba;6
particulares;6
cubra;6
edenilson;6
autonom;6
aparentar;6
acocearense;6
nonato;6
girotransportes;6
regulamentacao;6
fretes;6
concessionarar;6
carimbo;6
familiares;6
years;6
orintar;6
bolha;6
desd;6
Nigris;6
unidasbenzr;6
perdir;6
Wdbbl;6
mautencao;6
caracteristicar;6
mbenz;6
iar;6
bombas;6
desmontagem;6
lotrans;6
josuel;6
raf;6
reservar;6
solta;6
informes;6
muriae;6
amostra;6
renomar;6
negativo;6
odilon;6
respond;6
getting;6
alexilda;6
severa;6
conceito;6
erico;6
Adelmo;6
competente;6
costura;6
localizamos;6
expira;6
quimicos;6
ceo;6
medicos;6
batalhao;6
puc;6
erechin;6
mariaep;6
desea;6
fabricamos;6
aldenir;6
player;6
meneghetti;6
identificamos;6
incomum;6
emilly;6
trazeiro;6
forros;6
bravo;6
itatiba;6
interditar;6
falcao;6
blindar;6
realezar;6
flp;6
ess;6
buscamos;6
manager;6
elvio;6
atuamo;6
empregar;6
plena;6
transabril;6
opa;6
torta;6
abertas;6
cosme;6
atuais;6
medianeira;6
rodo;6
jaguar;6
gnv;6
estacio;6
concorrente;6
torneio;6
deivi;6
palestras;6
retir;6
fabiane;6
complementares;6
clinica;6
plug;6
atuador;6
solteira;6
descontentamento;6
alcancar;6
eu;6
visibilidade;6
vendeu;6
criterio;6
aut;6
qpy;6
pronac;6
Excelencia;6
rotina;6
aptar;6
malas;6
eletricidade;6
rapaz;6
reativacao;6
tamanhos;6
uber;6
motors;6
leis;6
mailhelp;6
doutorar;6
use;6
ronieri;6
solidariedade;6
tombamento;6
beleza;6
palestrante;6
nor;6
patrezio;6
emitar;6
resfriar;6
julgar;6
agra;6
participe;6
lanternar;6
bocar;6
excessiva;6
chasi;6
fabric;6
consumidormoderno;6
membro;6
donizete;6
fracionar;6
critica;6
notifique;6
essencial;6
wander;6
manutenca;6
balneario;6
trecho;6
priemira;6
rodape;6
jul;6
respectivo;6
pfv;6
know;6
alvenir;6
portugal;6
pontualmente;6
exclusivos;6
rech;6
variante;6
gracias;6
cnp;6
tuchos;6
Marca;6
impossibilita;6
carplay;6
abranger;6
ilton;6
rivanildo;6
monitorar;6
acampamento;6
vo;6
manufaturar;6
numer;6
vanio;6
enroscar;6
arrendamento;6
montagens;6
estetica;6
over;6
oil;6
apresento;6
osvaldir;6
radiadores;6
op;6
bb;6
rolar;6
venancio;6
paradiso;6
metas;6
cartoes;6
interpretacao;6
autorizr;6
expeder;6
lc;6
jacqueline;6
tprs;6
vazou;6
incidente;6
condicionar;6
standsr;6
mu;6
expedida;6
retorn;6
cozinhas;6
avioes;6
natacao;6
pesado;6
conectores;6
pl;6
ct;6
autor;6
duplo;6
thomaz;6
compl;6
alinhe;6
corona;6
morro;6
tambe;6
infroma;6
registrada;6
sobra;6
volts;6
degc;6
cas;6
cha;6
indicamo;6
manuntecao;6
atendimen;6
adiamento;6
doacoes;6
reboucas;6
recl;6
sbre;6
depositar;6
vitorialog;6
funcione;6
supeita;6
abdon;6
interessir;6
morumbi;6
tramites;6
medrar;6
tbforte;6
traffic;6
covepa;6
finalizarr;6
ondes;6
jj;6
vdsa;6
codio;5
descarte;5
memso;5
ariovaldo;5
prestadores;5
reversoes;5
francisca;5
adulterar;5
retrovisores;5
trading;5
dentran;5
retor;5
wilma;5
incluar;5
tels;5
bf;5
voltagem;5
deputado;5
reverte;5
fleeatboard;5
acha;5
Genilson;5
tentativar;5
preferencial;5
eurismar;5
fl;5
microsoft;5
comemoracao;5
Jpg;5
iniciais;5
carreirar;5
carrega;5
lirio;5
guanabaradiesel;5
varlei;5
amanhar;5
viabilidade;5
migrar;5
infraero;5
yan;5
nigro;5
comboio;5
articular;5
feminino;5
rlii;5
olavo;5
extremo;5
bauminas;5
jordan;5
compacto;5
related;5
terminal;5
pref;5
palmeiras;5
relaizar;5
resolvido;5
franco;5
bloqueador;5
etar;5
turma;5
contunuacao;5
recolher;5
recal;5
shirley;5
silmara;5
sertaneja;5
elisa;5
tirirical;5
acompanhemnto;5
parulski;5
caminhodaescola;5
mrpascoa;5
jacson;5
engajar;5
black;5
versaor;5
classicos;5
malena;5
jatoba;5
sponsorship;5
reprogramacao;5
